MLB_ID,Name,Organization,Position,Rank,Has_2025_PBP,Has_2025_Pitch,Has_2024_PBP,Has_2024_Pitch,Has_Any_PBP,Has_Any_Pitch
700246,Carson Williams,TBR,SS,31,False,False,False,False,False,False
682634,Kevin Alcántara,CHC,CF,78,False,False,False,False,False,False
695600,Carter Jensen,KCR,C,118,False,False,False,False,False,False
702679,Demetrio Crisantes,ARI,2B,146,False,False,False,False,False,False
690997,Nolan McLean,NYM,SP,162,False,False,False,False,False,False
690976,Alex Freeland,LAD,SS,163,False,False,False,False,False,False
806994,Luis Guanipa,ATL,CF,222,False,False,False,False,False,False
691373,Jhostynxon Garcia,BOS,CF,230,False,False,False,False,False,False
805951,Boston Baro,NYM,SS,281,False,False,False,False,False,False
692478,Victor Arias,TOR,CF,340,False,False,False,False,False,False
699625,Jimmy Crooks,STL,C,388,False,False,False,False,False,False
703680,Brandon Compton,MIA,LF,442,False,False,False,False,False,False
822676,Alex Lodise,ATL,SS,456,False,False,False,False,False,False
703143,Cristhian Vaquero,WSN,CF,515,False,False,False,False,False,False
806233,Luke Stevenson,SEA,C,729,False,False,False,False,False,False
827517,Kyle Lodise,CHW,SS,766,False,False,False,False,False,False
802504,Myles Naylor,ATH,3B,793,False,False,False,False,False,False
642016,Daniel Robert,PHI,DH,880,False,False,False,False,False,False
663795,Justin Hagenman,NYM,SP,893,False,False,False,False,False,False
669391,Owen White,CHW,SP,919,False,False,False,False,False,False
674384,Eduarniel Núñez,ATH,DH,941,False,False,False,False,False,False
675650,Michael Mercado,PHI,RP,945,False,False,False,False,False,False
678316,Omar Cruz,SDP,DH,969,False,False,False,False,False,False
679883,Luinder Avila,KCR,SP,974,False,False,False,False,False,False
679922,Carlos Duran,ATH,DH,976,False,False,False,False,False,False
681895,Evan Sisk,PIT,DH,1001,False,False,False,False,False,False
669620,Brady Basso,ATH,SP,1021,False,False,False,False,False,False
686972,Cole Waites,SFG,DH,1028,False,False,False,False,False,False
687849,Zak Kent,CLE,DH,1031,False,False,False,False,False,False
671162,Connor Thomas,MIL,RP,1038,False,False,False,False,False,False
686751,Seth Johnson,PHI,DH,1045,False,False,False,False,False,False
687424,Anthony Maldonado,ATH,DH,1047,False,False,False,False,False,False
669704,Kade Strowd,BAL,DH,1053,False,False,False,False,False,False
668873,Caleb Kilian,CHC,RP,1055,False,False,False,False,False,False
687377,Orlando Ribalta,WSN,DH,1060,False,False,False,False,False,False
686796,Blake Walston,ARI,SP,1066,False,False,False,False,False,False
687847,Marc Church,TEX,DH,1068,False,False,False,False,False,False
691951,Sam Aldegheri,LAA,SP,1073,False,False,False,False,False,False
686790,Trevor McDonald,SFG,SP,1074,False,False,False,False,False,False
682790,Wikelman González,CHW,RP,1076,False,False,False,False,False,False
676917,Cade Cavalli,WSN,SP,1087,False,False,False,False,False,False
690925,Clayton Beeter,WSN,DH,1093,False,False,False,False,False,False
669165,Kyle Hurt,LAD,RP,1096,False,False,False,False,False,False
671109,Jake Eder,WSN,SP,1104,False,False,False,False,False,False
683175,Connor Phillips,CIN,RP,1110,False,False,False,False,False,False
687003,Brian Van Belle,TBR,SP,1116,False,False,False,False,False,False
690953,Mick Abel,MIN,SP,1120,False,False,False,False,False,False
691172,Yosver Zulueta,CIN,DH,1122,False,False,False,False,False,False
668716,Noah Murdock,KCR,DH,1132,False,False,False,False,False,False
691441,Cristian Mena,ARI,SP,1137,False,False,False,False,False,False
700270,Yilber Díaz,ARI,DH,1139,False,False,False,False,False,False
689981,River Ryan,LAD,SP,1141,False,False,False,False,False,False
701552,Andre Granillo,STL,DH,1144,False,False,False,False,False,False
687287,Patrick Monteverde,MIA,SP,1145,False,False,False,False,False,False
694851,Andrew Hoffmann,ARI,DH,1149,False,False,False,False,False,False
688107,Robert Gasser,MIL,SP,1152,False,False,False,False,False,False
681066,Ky Bush,CHW,SP,1153,False,False,False,False,False,False
809763,Kaeden Kent,NYY,SS,1156,False,False,False,False,False,False
694646,Chayce McDermott,BAL,SP,1158,False,False,False,False,False,False
696149,Bubba Chandler,PIT,SP,1159,False,False,False,False,False,False
697812,Joe Rock,TBR,SP,1169,False,False,False,False,False,False
687924,Julian Aguiar,CIN,SP,1170,False,False,False,False,False,False
680891,Jack Neely,CHC,DH,1178,False,False,False,False,False,False
680744,Ty Madden,DET,SP,1183,False,False,False,False,False,False
692230,Carlos Rodriguez,MIL,SP,1188,False,False,False,False,False,False
695534,Chase Petty,CIN,SP,1189,False,False,False,False,False,False
696131,Mason Black,SFG,DH,1190,False,False,False,False,False,False
701519,Travis Adams,MIN,SP,1191,False,False,False,False,False,False
680684,Gunnar Hoglund,ATH,SP,1203,False,False,False,False,False,False
701656,Logan Henderson,MIL,SP,1204,False,False,False,False,False,False
687209,Zach Maxwell,CIN,DH,1208,False,False,False,False,False,False
687223,Carson Palmquist,COL,SP,1209,False,False,False,False,False,False
699013,Esmerlyn Valdez,PIT,OF,1210,False,False,False,False,False,False
687931,Carson Whisenhunt,SFG,SP,1212,False,False,False,False,False,False
694918,Blade Tidwell,SFG,SP,1214,False,False,False,False,False,False
686930,Mason Barnett,ATH,SP,1215,False,False,False,False,False,False
680729,Garrett McDaniels,LAD,DH,1216,False,False,False,False,False,False
800049,Adam Mazur,MIA,SP,1221,False,False,False,False,False,False
802419,Thomas Harrington,PIT,SP,1222,False,False,False,False,False,False
814005,Jake Bloss,TOR,SP,1224,False,False,False,False,False,False
684974,Craig Yoho,MIL,DH,1225,False,False,False,False,False,False
694462,Hurston Waldrep,ATL,SP,1228,False,False,False,False,False,False
687075,Brandon Sproat,NYM,SP,1232,False,False,False,False,False,False
695076,Rhett Lowder,CIN,SP,1233,False,False,False,False,False,False
702752,Jonathan Pintaro,NYM,DH,1234,False,False,False,False,False,False
676012,Gerald Ogando,BAL,DH,1260,False,False,False,False,False,False
682897,Steven Pérez,CLE,DH,1307,False,False,False,False,False,False
683742,Jose Franco,CIN,DH,1314,False,False,False,False,False,False
671936,Adam Macko,TOR,RP,1363,False,False,False,False,False,False
691669,Gabriel Sosa,SEA,DH,1368,False,False,False,False,False,False
691828,Sem Robberse,STL,RP,1371,False,False,False,False,False,False
686560,Gavin Collyer,TEX,DH,1373,False,False,False,False,False,False
675660,Shane Drohan,BOS,RP,1379,False,False,False,False,False,False
693308,Nick Frasso,LAD,SP,1386,False,False,False,False,False,False
694397,Marco Raya,MIN,RP,1394,False,False,False,False,False,False
669434,Stevie Emanuels,ATH,DH,1395,False,False,False,False,False,False
696040,Po-Yu Chen,PIT,SP,1396,False,False,False,False,False,False
694820,Braxton Roxby,SFG,DH,1399,False,False,False,False,False,False
679693,Carson Coleman,NYY,DH,1405,False,False,False,False,False,False
682126,Evan Reifert,TBR,DH,1406,False,False,False,False,False,False
669081,Jack Dashwood,LAA,DH,1418,False,False,False,False,False,False
689441,Coleman Crow,MIL,SP,1421,False,False,False,False,False,False
694205,Victor Lizarraga,SDP,SP,1425,False,False,False,False,False,False
684049,Brandan Bidois,PIT,DH,1427,False,False,False,False,False,False
695776,Josh Stephan,TEX,SP,1428,False,False,False,False,False,False
693176,Elison Joseph,ATL,DH,1429,False,False,False,False,False,False
691641,Jose Acuna,CIN,SP,1431,False,False,False,False,False,False
682769,Eiberson Castellano,PHI,DH,1434,False,False,False,False,False,False
695001,Alimber Santa,HOU,RP,1436,False,False,False,False,False,False
691414,Yorman Gómez,CLE,DH,1443,False,False,False,False,False,False
800316,Alexander Albertus,CHW,3B,1444,False,False,False,False,False,False
692838,Jaydenn  Estanista,PHI,DH,1448,False,False,False,False,False,False
700322,Keythel Key,LAA,DH,1449,False,False,False,False,False,False
699044,Miguel Ullola,HOU,DH,1451,False,False,False,False,False,False
702878,Douglas Orellana,NYM,DH,1456,False,False,False,False,False,False
683522,Michael Arias,NYY,RP,1461,False,False,False,False,False,False
694518,Austin Smith,COL,DH,1462,False,False,False,False,False,False
694391,Austin Vernon,TBR,DH,1466,False,False,False,False,False,False
694553,Tyson Guerrero,KCR,DH,1467,False,False,False,False,False,False
687900,Andrew Baker,PHI,DH,1468,False,False,False,False,False,False
690984,Petey Halpin,CLE,CF,1476,False,False,False,False,False,False
694312,Logan Workman,TBR,SP,1476,False,False,False,False,False,False
702129,Alex Pham,BAL,SP,1485,False,False,False,False,False,False
702303,Riley Martin,CHC,DH,1487,False,False,False,False,False,False
700413,Tyler Uberstine,BOS,RP,1491,False,False,False,False,False,False
694203,Denzer Guzman,LAA,SS,1492,False,False,False,False,False,False
691947,Ronan Kopp,LAD,DH,1497,False,False,False,False,False,False
687394,Jack Brannigan,PIT,SS,1497,False,False,False,False,False,False
701566,Connor Cooke,TOR,DH,1500,False,False,False,False,False,False
696275,RJ Petit,DET,DH,1503,False,False,False,False,False,False
702021,Will Dion,CLE,SP,1504,False,False,False,False,False,False
684949,Zac Leigh,CHC,DH,1506,False,False,False,False,False,False
674265,Kevin Abel,CIN,RP,1508,False,False,False,False,False,False
691725,Andrew Painter,PHI,SP,1509,False,False,False,False,False,False
694909,Christian McGowan,PHI,DH,1510,False,False,False,False,False,False
672021,Eric Cerantola,KCR,DH,1511,False,False,False,False,False,False
681320,Nate Lavender,TBR,DH,1513,False,False,False,False,False,False
691795,Brock Selvidge,NYY,SP,1515,False,False,False,False,False,False
694357,Ricky Tiedemann,TOR,SP,1520,False,False,False,False,False,False
702504,Gavin Turley,ATH,LF,1523,False,False,False,False,False,False
695239,Robby Ahlstrom,TEX,DH,1531,False,False,False,False,False,False
700924,Frank Mozzicato,KCR,DH,1533,False,False,False,False,False,False
689713,Jack Hartman,TBR,DH,1534,False,False,False,False,False,False
695667,Ben Kudrna,KCR,SP,1535,False,False,False,False,False,False
695556,Shane Panzini,KCR,DH,1536,False,False,False,False,False,False
696143,Anthony Solometo,PIT,SP,1537,False,False,False,False,False,False
700712,Walbert Urena,LAA,DH,1540,False,False,False,False,False,False
702905,Reynaldo Yean,LAD,DH,1541,False,False,False,False,False,False
800276,Juan Villavicencio,PHI,SS,1549,False,False,False,False,False,False
800393,Yeremy Cabrera,TEX,CF,1551,False,False,False,False,False,False
800508,Franyerber Montilla,DET,SS,1553,False,False,False,False,False,False
800067,Jose Fleury,HOU,SP,1557,False,False,False,False,False,False
801179,Yu-Min Lin,ARI,SP,1558,False,False,False,False,False,False
801725,Luis De León,BAL,SP,1559,False,False,False,False,False,False
800212,Francis Pena,SDP,DH,1560,False,False,False,False,False,False
800571,Santiago Suarez,TBR,SP,1561,False,False,False,False,False,False
801739,Carlos Lagrange,NYY,DH,1562,False,False,False,False,False,False
804522,Wilmy Sanchez,HOU,DH,1563,False,False,False,False,False,False
695684,Elmer Rodriguez-Cruz,NYY,SP,1564,False,False,False,False,False,False
700327,Welinton Herrera,COL,DH,1565,False,False,False,False,False,False
800514,Carlos Espinosa,LAA,DH,1566,False,False,False,False,False,False
805871,Joel Hurtado,LAA,DH,1569,False,False,False,False,False,False
689359,Dale Stanavich,MIA,DH,1570,False,False,False,False,False,False
687985,Josh White,MIA,RP,1572,False,False,False,False,False,False
702571,Jacob Miller,MIA,SP,1574,False,False,False,False,False,False
701603,Tyler Stuart,WSN,SP,1577,False,False,False,False,False,False
671726,Marquis Grissom Jr.,WSN,DH,1578,False,False,False,False,False,False
686951,Cy Nielson,PIT,DH,1579,False,False,False,False,False,False
693781,Wilian Bormie,TEX,DH,1580,False,False,False,False,False,False
804556,Braden Nett,ATH,RP,1582,False,False,False,False,False,False
686628,Blake Burkhalter,ATL,DH,1583,False,False,False,False,False,False
690279,Mason Adams,CHW,SP,1584,False,False,False,False,False,False
691009,Dylan Ray,ARI,SP,1585,False,False,False,False,False,False
701474,Duncan Davitt,CHW,SP,1586,False,False,False,False,False,False
702275,JR Ritchie,ATL,SP,1587,False,False,False,False,False,False
702318,Chris Campos,LAD,SP,1588,False,False,False,False,False,False
801517,Spencer Giesting,ARI,RP,1589,False,False,False,False,False,False
805257,Jack Choate,SFG,RP,1590,False,False,False,False,False,False
805725,Jake Miller,DET,RP,1591,False,False,False,False,False,False
699314,David Davalillo,TEX,SP,1592,False,False,False,False,False,False
800059,Dalton Rogers,BOS,RP,1594,False,False,False,False,False,False
687087,Michael Prosecky,COL,SP,1595,False,False,False,False,False,False
687531,William Kempner,MIA,DH,1596,False,False,False,False,False,False
687721,Cameron Weston,BAL,SP,1597,False,False,False,False,False,False
687238,Trace Bright,BAL,SP,1598,False,False,False,False,False,False
689818,David Sandlin,BOS,DH,1600,False,False,False,False,False,False
694680,Trevor Martin,TBR,SP,1601,False,False,False,False,False,False
801432,Eric Reyzelman,NYY,DH,1602,False,False,False,False,False,False
703445,Adam Serwinowski,LAD,SP,1603,False,False,False,False,False,False
686934,Alex McFarlane,PHI,DH,1605,False,False,False,False,False,False
688214,Ryan Jennings,TOR,DH,1606,False,False,False,False,False,False
703596,Karson Milbrandt,MIA,RP,1607,False,False,False,False,False,False
687312,Gabriel Hughes,COL,SP,1608,False,False,False,False,False,False
689233,Lucas Wepf,LAD,DH,1613,False,False,False,False,False,False
702281,Robby Snelling,MIA,SP,1614,False,False,False,False,False,False
671382,Cameron Foster,BAL,DH,1616,False,False,False,False,False,False
687562,Jake Bennett,WSN,SP,1617,False,False,False,False,False,False
688730,Marques Johnson,SFG,DH,1618,False,False,False,False,False,False
688883,Peyton Pallette,CHW,DH,1619,False,False,False,False,False,False
691008,Max Rajcic,STL,SP,1620,False,False,False,False,False,False
669361,Brandon Birdsell,CHC,SP,1621,False,False,False,False,False,False
677337,Pete Hansen,STL,SP,1622,False,False,False,False,False,False
687570,Connor Prielipp,MIN,SP,1623,False,False,False,False,False,False
683000,Riley Cornelio,WSN,DH,1624,False,False,False,False,False,False
690939,Connor Noland,CHC,SP,1626,False,False,False,False,False,False
695380,Alex Hoppe,BOS,DH,1627,False,False,False,False,False,False
806270,Dominic Perachi,PIT,SP,1628,False,False,False,False,False,False
696519,Samy Natera Jr.,LAA,DH,1629,False,False,False,False,False,False
804926,Austin Peterson,CLE,SP,1630,False,False,False,False,False,False
681077,Michael Knorr,HOU,DH,1631,False,False,False,False,False,False
686632,Steven Zobac,KCR,SP,1632,False,False,False,False,False,False
701328,Jackson Ferris,LAD,SP,1634,False,False,False,False,False,False
689275,Henry Williams,KCR,SP,1635,False,False,False,False,False,False
703725,Luis Gastelum,STL,DH,1636,False,False,False,False,False,False
814305,Yunior Tur,ATH,DH,1640,False,False,False,False,False,False
808277,Miguel Rodríguez,BAL,C,1645,False,False,False,False,False,False
688776,Jackson Lancaster,TBR,DH,1649,False,False,False,False,False,False
681289,Tanner Kohlhepp,DET,DH,1654,False,False,False,False,False,False
814546,Eriandys Ramon,CHC,3B,1655,False,False,False,False,False,False
694753,Khristian Curtis,PIT,RP,1657,False,False,False,False,False,False
805345,Trent Harris,SFG,DH,1658,False,False,False,False,False,False
695229,Camden Minacci,LAA,DH,1660,False,False,False,False,False,False
694492,Hayden Durke,ARI,DH,1661,False,False,False,False,False,False
813766,Skylar Hales,STL,DH,1662,False,False,False,False,False,False
815590,Ryan Lobus,TEX,DH,1663,False,False,False,False,False,False
694900,Kyle Amendt,ARI,DH,1665,False,False,False,False,False,False
801367,Matt Jachec,CLE,RP,1666,False,False,False,False,False,False
687268,K.C. Hunt,MIL,SP,1667,False,False,False,False,False,False
690658,Will Johnston,ATH,SP,1668,False,False,False,False,False,False
814351,Lucas Braun,ATL,SP,1670,False,False,False,False,False,False
814490,Ethan Pecko,HOU,SP,1671,False,False,False,False,False,False
694375,T.J. Nichols,TBR,RP,1672,False,False,False,False,False,False
692243,Jaden Woods,PIT,DH,1673,False,False,False,False,False,False
804249,Tate Kuehner,MIL,RP,1674,False,False,False,False,False,False
802126,Joe Whitman,SFG,SP,1676,False,False,False,False,False,False
811290,Jaden Hamm,DET,SP,1677,False,False,False,False,False,False
694968,Jack Mahoney,COL,SP,1679,False,False,False,False,False,False
801802,James Hicks,HOU,SP,1680,False,False,False,False,False,False
804668,Rafael Flores,PIT,C,1680,False,False,False,False,False,False
811310,Nigel Belgrave,MIA,SP,1682,False,False,False,False,False,False
694795,Josh Ekness,MIA,DH,1683,False,False,False,False,False,False
695034,Kade Morris,ATH,RP,1684,False,False,False,False,False,False
683093,Hayden Mullins,BOS,DH,1685,False,False,False,False,False,False
694346,Trey Gibson,BAL,SP,1686,False,False,False,False,False,False
806258,Thomas White,MIA,SP,1687,False,False,False,False,False,False
801643,Owen Wild,TBR,SP,1688,False,False,False,False,False,False
814527,Patrick Copen,LAD,DH,1689,False,False,False,False,False,False
802357,Drue Hackenberg,ATL,SP,1690,False,False,False,False,False,False
695033,Juaron Watts-Brown,BAL,RP,1691,False,False,False,False,False,False
814489,Brett Wichrowski,MIL,SP,1692,False,False,False,False,False,False
687273,Quinn Mathews,STL,SP,1694,False,False,False,False,False,False
694494,Ty Johnson,TBR,SP,1695,False,False,False,False,False,False
694545,Jackson Nezuh,HOU,SP,1696,False,False,False,False,False,False
806046,Alex Clemmey,WSN,DH,1697,False,False,False,False,False,False
691946,George Klassen,LAA,SP,1698,False,False,False,False,False,False
694370,Levi Wells,BAL,DH,1699,False,False,False,False,False,False
815322,Kai Peterson,TOR,DH,1701,False,False,False,False,False,False
691765,Jackson Baumeister,TBR,SP,1702,False,False,False,False,False,False
702650,Michael Forret,BAL,RP,1705,False,False,False,False,False,False
701675,Nathan Church,STL,CF,1706,False,False,False,False,False,False
815456,Ben Shields,COL,DH,1707,False,False,False,False,False,False
688396,Zach Fruit,BAL,SP,1709,False,False,False,False,False,False
813883,Ryan Ignoffo,MIA,C,1711,False,False,False,False,False,False
811315,Brody Hopkins,TBR,SP,1711,False,False,False,False,False,False
814804,Grant Rogers,TOR,SP,1712,False,False,False,False,False,False
696280,Alonzo Tredwell,HOU,RP,1713,False,False,False,False,False,False
811309,Bishop Letson,MIL,SP,1714,False,False,False,False,False,False
694393,Jaxon Wiggins,CHC,SP,1715,False,False,False,False,False,False
694573,Wyatt Crowell,LAD,SP,1716,False,False,False,False,False,False
808510,Manuel Genao,MIA,DH,1725,False,False,False,False,False,False
801629,Cade McGee,STL,3B,1728,False,False,False,False,False,False
813715,Khadim Diaw,MIN,C,1729,False,False,False,False,False,False
702501,Eli Serrano III,NYM,LF,1730,False,False,False,False,False,False
816120,Griffin Burkholder,PHI,CF,1731,False,False,False,False,False,False
809840,Micah Ashman,BAL,RP,1732,False,False,False,False,False,False
695695,Tyson Neighbors,BAL,DH,1733,False,False,False,False,False,False
824620,Tyson Hardin,MIL,SP,1734,False,False,False,False,False,False
826538,Aidan Foeller,LAD,SP,1737,False,False,False,False,False,False
691776,Josh Hartle,CLE,SP,1738,False,False,False,False,False,False
805207,Caden Bodine,BAL,C,1745,False,False,False,False,False,False
702695,Easton Carmichael,PIT,C,1747,False,False,False,False,False,False
822067,A.J. Causey,KCR,DH,1748,False,False,False,False,False,False
701207,Dennis Colleran,KCR,DH,1749,False,False,False,False,False,False
806053,Dean Curley,CLE,3B,1751,False,False,False,False,False,False
804560,Charles Davalan,LAD,LF,1752,False,False,False,False,False,False
804995,Henry Godbout,BOS,2B,1755,False,False,False,False,False,False
702631,Adonys Guzman,PIT,C,1757,False,False,False,False,False,False
805260,Ethan Hedges,COL,3B,1758,False,False,False,False,False,False
696292,Ben Hess,NYY,SP,1759,False,False,False,False,False,False
827292,John Holobetz,BOS,SP,1760,False,False,False,False,False,False
702262,Jared Jones,PIT,1B,1763,False,False,False,False,False,False
695611,Gage Jump,ATH,SP,1764,False,False,False,False,False,False
800600,Jackson Kent,WSN,SP,1765,False,False,False,False,False,False
702264,Gavin Kilen,SFG,SS,1766,False,False,False,False,False,False
702193,Andrew Morris,MIN,SP,1767,False,False,False,False,False,False
690971,Chase Davis,STL,CF,1768,False,False,False,False,False,False
833397,James  Quinn-Irons,TBR,CF,1769,False,False,False,False,False,False
702278,Nolan Schubart,CLE,LF,1771,False,False,False,False,False,False
822412,Brett Sears,ATL,SP,1772,False,False,False,False,False,False
701590,Khal Stephen,CLE,SP,1774,False,False,False,False,False,False
804911,Brendan Summerhill,TBR,CF,1775,False,False,False,False,False,False
823990,Zane Taylor,ATH,DH,1776,False,False,False,False,False,False
811716,Landyn Vidourek,LAD,CF,1777,False,False,False,False,False,False
830239,Aaron Walton,CLE,CF,1779,False,False,False,False,False,False
829649,Colin Yeaman,BAL,SS,1781,False,False,False,False,False,False
827734,Wei-En Lin,ATH,SP,1784,False,False,False,False,False,False
815816,Brady  Ebel,MIL,SS,1793,False,False,False,False,False,False
815617,Kayson Cunningham,ARI,2B,1794,False,False,False,False,False,False
816111,Tate Southisene,ATL,SS,1796,False,False,False,False,False,False
816113,Eli Willits,WSN,SS,1797,False,False,False,False,False,False
815818,Gavin Fien,TEX,RF,1798,False,False,False,False,False,False
829210,Ty Harvey,SDP,C,1799,False,False,False,False,False,False
815839,Quentin Young,MIN,3B,1800,False,False,False,False,False,False
694369,Cole Foster,SFG,SS,1887,False,False,False,False,False,False
802416,Ashton Izzi,ARI,SP,9999,False,False,False,False,False,False
805299,Brandyn Garcia,ARI,RP,9999,False,False,False,False,False,False
826536,Brian Curley,ARI,DH,9999,False,False,False,False,False,False
694364,Caden Grice,ARI,SP,9999,False,False,False,False,False,False
805879,Connor Foley,ARI,DH,9999,False,False,False,False,False,False
811666,Daniel Eagen,ARI,SP,9999,False,False,False,False,False,False
701908,David Hagaman,ARI,SP,9999,False,False,False,False,False,False
683384,Edgar Isea,ARI,DH,9999,False,False,False,False,False,False
829066,Elian De La Cruz,ARI,RF,9999,False,False,False,False,False,False
694491,Grayson Hitt,ARI,SP,9999,False,False,False,False,False,False
675450,Hunter Cranton,ARI,DH,9999,False,False,False,False,False,False
700255,Jacob Steinmetz,ARI,SP,9999,False,False,False,False,False,False
692544,Joe Elbis,ARI,SP,9999,False,False,False,False,False,False
686228,Juan Burgos,ARI,RP,9999,False,False,False,False,False,False
815795,Junior Ciprian,ARI,SP,9999,False,False,False,False,False,False
684442,Kohl Drake,ARI,SP,9999,False,False,False,False,False,False
683352,Mitch Bratt,ARI,SP,9999,False,False,False,False,False,False
804467,Patrick Forbes,ARI,SP,9999,False,False,False,False,False,False
700282,Ricardo Yan,ARI,SP,9999,False,False,False,False,False,False
809109,Roman Angelo,ARI,RP,9999,False,False,False,False,False,False
681060,Sam Knowlton,ARI,DH,9999,False,False,False,False,False,False
808054,Yordin Chalas,ARI,SP,9999,False,False,False,False,False,False
800612,Cole Miller,ATH,SP,9999,False,False,False,False,False,False
692013,Henry Baez,ATH,SP,9999,False,False,False,False,False,False
150374,Jamie Arnold,ATH,SP,9999,False,False,False,False,False,False
687991,Jared Johnson,ATH,DH,9999,False,False,False,False,False,False
695761,Kenya Huggins,ATH,SP,9999,False,False,False,False,False,False
806960,Luis Morales,ATH,SP,9999,False,False,False,False,False,False
803370,Richard Fernandez,ATH,DH,9999,False,False,False,False,False,False
702023,Sam Stuhr,ATH,SP,9999,False,False,False,False,False,False
806064,Steven Echavarria,ATH,SP,9999,False,False,False,False,False,False
828987,Briggs McKenzie,ATL,P,9999,False,False,False,False,False,False
805780,Cade Kuehler,ATL,DH,9999,False,False,False,False,False,False
807284,Cam Caminiti,ATL,SP,9999,False,False,False,False,False,False
692290,Carter Holton,ATL,SP,9999,False,False,False,False,False,False
805175,Davis Polo,ATL,SP,9999,False,False,False,False,False,False
800311,Didier Fuentes,ATL,SP,9999,False,False,False,False,False,False
815626,Ethan Bagwell,ATL,SP,9999,False,False,False,False,False,False
803833,Garrett Baumann,ATL,SP,9999,False,False,False,False,False,False
803349,Herick Hernandez,ATL,DH,9999,False,False,False,False,False,False
702910,Jhancarlos  Lara,ATL,DH,9999,False,False,False,False,False,False
804860,Landon Beidelschies,ATL,SP,9999,False,False,False,False,False,False
808469,Logan Samuels,ATL,SP,9999,False,False,False,False,False,False
808244,Luis Arestigueta,ATL,SP,9999,False,False,False,False,False,False
820827,Luke Sinnard,ATL,SP,9999,False,False,False,False,False,False
702566,Owen Murphy,ATL,SP,9999,False,False,False,False,False,False
829909,Raudy Reyes,ATL,DH,9999,False,False,False,False,False,False
691548,Rolddy Muñoz,ATL,DH,9999,False,False,False,False,False,False
689296,Anthony Nunez,BAL,DH,9999,False,False,False,False,False,False
815348,Boston Bateman,BAL,SP,9999,False,False,False,False,False,False
688867,Braxton Bragg,BAL,SP,9999,False,False,False,False,False,False
815916,Emilio Sanchez,BAL,SS,9999,False,False,False,False,False,False
821757,Esteban Mejia,BAL,SP,9999,False,False,False,False,False,False
829072,José Peña,BAL,SS,9999,False,False,False,False,False,False
804530,Joseph Dzierwa,BAL,SP,9999,False,False,False,False,False,False
802411,JT Quinn,BAL,SP,9999,False,False,False,False,False,False
693725,Juan Nuñez,BAL,SP,9999,False,False,False,False,False,False
808323,Keeler Morfe,BAL,SP,9999,False,False,False,False,False,False
811296,Kiefer Lord,BAL,DH,9999,False,False,False,False,False,False
808029,Luis De Leon,BAL,P,9999,False,False,False,False,False,False
815148,Nestor German,BAL,SP,9999,False,False,False,False,False,False
694345,Patrick Reilly,BAL,SP,9999,False,False,False,False,False,False
703148,Raimon Gomez,BAL,DH,9999,False,False,False,False,False,False
828173,Slater de Brun,BAL,OF,9999,False,False,False,False,False,False
828520,Twine Palmer,BAL,RP,9999,False,False,False,False,False,False
800286,Wellington Aracena,BAL,DH,9999,False,False,False,False,False,False
700072,Yaqui Rivera,BAL,DH,9999,False,False,False,False,False,False
809254,Anthony Eyanson,BOS,SP,9999,False,False,False,False,False,False
820832,Blake Aita,BOS,SP,9999,False,False,False,False,False,False
687762,Blake Wehunt,BOS,RP,9999,False,False,False,False,False,False
700251,Brandon Clarke,BOS,SP,9999,False,False,False,False,False,False
813349,Connelly Early,BOS,RP,9999,False,False,False,False,False,False
815359,Conrad Cason,BOS,SP,9999,False,False,False,False,False,False
699151,Jedixson Paez,BOS,SP,9999,False,False,False,False,False,False
695293,Jojo Ingrassia,BOS,RP,9999,False,False,False,False,False,False
808366,Jose Bello,BOS,SP,9999,False,False,False,False,False,False
813536,Juan Valera,BOS,SP,9999,False,False,False,False,False,False
804817,Kyson Witherspoon,BOS,SP,9999,False,False,False,False,False,False
691384,Luis Perales,BOS,DH,9999,False,False,False,False,False,False
815071,Marcus Phillips,BOS,SP,9999,False,False,False,False,False,False
823791,Matt McShane,BOS,DH,9999,False,False,False,False,False,False
801139,Payton Tolle,BOS,SP,9999,False,False,False,False,False,False
829094,Sadbiel Delzine,BOS,SP,9999,False,False,False,False,False,False
823369,Yhoiker Fajardo,BOS,SP,9999,False,False,False,False,False,False
694057,Yordanny Monegro,BOS,DH,9999,False,False,False,False,False,False
805664,Brody McCullough,CHC,SP,9999,False,False,False,False,False,False
806961,Derniche Valdez,CHC,SS,9999,False,False,False,False,False,False
805255,Dominick Reid,CHC,SP,9999,False,False,False,False,False,False
828255,Ethan Conrad,CHC,CF,9999,False,False,False,False,False,False
815824,Josiah Hartshorn,CHC,OF,9999,False,False,False,False,False,False
702271,Nazier Mulé,CHC,DH,9999,False,False,False,False,False,False
686953,Nick Dean,CHC,RP,9999,False,False,False,False,False,False
702881,Aldrin Batista,CHW,SP,9999,False,False,False,False,False,False
687239,Ben Peoples,CHW,DH,9999,False,False,False,False,False,False
801941,Carson Jacobs,CHW,DH,9999,False,False,False,False,False,False
803291,Christian Oppor,CHW,RP,9999,False,False,False,False,False,False
688328,Eric Adler,CHW,DH,9999,False,False,False,False,False,False
695721,Gage Ziehl,CHW,SP,9999,False,False,False,False,False,False
696146,Hagen Smith,CHW,SP,9999,False,False,False,False,False,False
683568,Jairo Iriarte,CHW,SP,9999,False,False,False,False,False,False
695316,Jarold Rosado,CHW,DH,9999,False,False,False,False,False,False
702273,Noah Schultz,CHW,SP,9999,False,False,False,False,False,False
703670,Pierce George,CHW,DH,9999,False,False,False,False,False,False
803143,Seth Keener,CHW,DH,9999,False,False,False,False,False,False
701780,Tanner McDougal,CHW,SP,9999,False,False,False,False,False,False
805326,Tyler Schweitzer,CHW,SP,9999,False,False,False,False,False,False
807645,Adolfo Sanchez,CIN,RF,9999,False,False,False,False,False,False
805155,Adrian Herrera,CIN,SP,9999,False,False,False,False,False,False
703242,Anyer Laureano,CIN,DH,9999,False,False,False,False,False,False
694832,Cody Adcock,CIN,DH,9999,False,False,False,False,False,False
800616,Cole Schoenwetter,CIN,SP,9999,False,False,False,False,False,False
674450,Hector Rodriguez,CIN,OF,9999,False,False,False,False,False,False
701370,JeanPierre Ortiz,CIN,SP,9999,False,False,False,False,False,False
821073,Jirvin Morillo,CIN,C,9999,False,False,False,False,False,False
695569,Luke Hayden,CIN,RP,9999,False,False,False,False,False,False
695705,Luke Holman,CIN,SP,9999,False,False,False,False,False,False
702568,Mason Morris,CIN,RP,9999,False,False,False,False,False,False
814525,Mike Villani,CIN,DH,9999,False,False,False,False,False,False
802086,Ovis Portes,CIN,DH,9999,False,False,False,False,False,False
829162,Steele Hall,CIN,SS,9999,False,False,False,False,False,False
692226,Ty Floyd,CIN,SP,9999,False,False,False,False,False,False
802146,Aidan Major,CLE,SP,9999,False,False,False,False,False,False
689958,Andrew Walters,CLE,DH,9999,False,False,False,False,False,False
815785,Braylon Doughty,CLE,SP,9999,False,False,False,False,False,False
801129,Caden Favors,CLE,DH,9999,False,False,False,False,False,False
813949,Chase Mobley,CLE,SP,9999,False,False,False,False,False,False
680951,Doug Nikhazy,CLE,SP,9999,False,False,False,False,False,False
680916,Franco Aleman,CLE,DH,9999,False,False,False,False,False,False
821657,Gabriel Rodriguez,CLE,SS,9999,False,False,False,False,False,False
702593,Jace LaViolette,CLE,CF,9999,False,False,False,False,False,False
703469,Jackson  Humphries,CLE,RP,9999,False,False,False,False,False,False
815841,Joey Oakie,CLE,SP,9999,False,False,False,False,False,False
805702,Jogly Garcia,CLE,DH,9999,False,False,False,False,False,False
821759,Johan Rodriguez,CLE,SS,9999,False,False,False,False,False,False
683235,Justin Campbell,CLE,SP,9999,False,False,False,False,False,False
802068,Kendeglys Virguez,CLE,DH,9999,False,False,False,False,False,False
683363,Matt Wilkinson,CLE,SP,9999,False,False,False,False,False,False
702604,Michael Kennedy,CLE,SP,9999,False,False,False,False,False,False
800048,Parker Messick,CLE,SP,9999,False,False,False,False,False,False
815897,Robert Arias,CLE,CF,9999,False,False,False,False,False,False
701679,Brody Brecht,COL,SP,9999,False,False,False,False,False,False
821800,Gregory Sanchez,COL,SP,9999,False,False,False,False,False,False
702622,Griffin Herring,COL,SP,9999,False,False,False,False,False,False
694549,Isaiah Coupet,COL,RP,9999,False,False,False,False,False,False
822477,JB Middleton,COL,RP,9999,False,False,False,False,False,False
700174,Jordy Vargas,COL,SP,9999,False,False,False,False,False,False
701056,Josh Grosz,COL,SP,9999,False,False,False,False,False,False
694316,Lebarron Johnson Jr.,COL,DH,9999,False,False,False,False,False,False
800436,Luichi Casilla,COL,DH,9999,False,False,False,False,False,False
685326,McCade Brown,COL,SP,9999,False,False,False,False,False,False
814252,Sandy Ozuna,COL,SP,9999,False,False,False,False,False,False
807743,Sean Sullivan,COL,RP,9999,False,False,False,False,False,False
692632,Yujanyer Herrera,COL,DH,9999,False,False,False,False,False,False
815814,Billy Carlson,CWS,SS,9999,False,False,False,False,False,False
828262,Jaden Fauske,CWS,OF,9999,False,False,False,False,False,False
803011,Sam Antonacci,CWS,2B,9999,False,False,False,False,False,False
812775,Andrew Dunford,DET,SP,9999,False,False,False,False,False,False
800624,Ben Jacobs,DET,SP,9999,False,False,False,False,False,False
800614,Bryce Rainer,DET,SS,9999,False,False,False,False,False,False
681916,Dylan Smith,DET,DH,9999,False,False,False,False,False,False
815162,Ethan Schiefelbein,DET,SP,9999,False,False,False,False,False,False
694050,Gabriel Reyes,DET,DH,9999,False,False,False,False,False,False
803723,Jordan Yost,DET,SS,9999,False,False,False,False,False,False
702477,Joseph Montalvo,DET,SP,9999,False,False,False,False,False,False
808383,Kelvis Salcedo,DET,SP,9999,False,False,False,False,False,False
802412,Malachi Witherspoon,DET,DH,9999,False,False,False,False,False,False
695602,Michael Massey,DET,DH,9999,False,False,False,False,False,False
815157,Owen Hall,DET,SP,9999,False,False,False,False,False,False
800618,Paul Wilson,DET,SP,9999,False,False,False,False,False,False
694331,Tyler Mattison,DET,DH,9999,False,False,False,False,False,False
687074,Tyler Owens,DET,DH,9999,False,False,False,False,False,False
681458,Yosber Sanchez,DET,DH,9999,False,False,False,False,False,False
805123,AJ Blubaugh,HOU,RP,9999,False,False,False,False,False,False
691012,Alex Santos II,HOU,DH,9999,False,False,False,False,False,False
820901,Anderson Brito,HOU,DH,9999,False,False,False,False,False,False
800063,Andrew Taylor,HOU,RP,9999,False,False,False,False,False,False
809343,Bryce Mayer,HOU,SP,9999,False,False,False,False,False,False
815308,Colby Langford,HOU,DH,9999,False,False,False,False,False,False
826315,Cole Hertzler,HOU,SP,9999,False,False,False,False,False,False
689200,Jacob Melton,HOU,CF,9999,False,False,False,False,False,False
805694,Juan Bello,HOU,SP,9999,False,False,False,False,False,False
828599,Lucas Spence,HOU,OF,9999,False,False,False,False,False,False
830769,Nick Potter,HOU,DH,9999,False,False,False,False,False,False
809789,Parker Smith,HOU,RP,9999,False,False,False,False,False,False
801573,Ryan Forcucci,HOU,SP,9999,False,False,False,False,False,False
815832,Xavier Neyens,HOU,3B,9999,False,False,False,False,False,False
815843,Josh Hammond,KC,3B,9999,False,False,False,False,False,False
830402,Kendry Chourio,KC,P,9999,False,False,False,False,False,False
815819,Sean Gamble,KC,OF,9999,False,False,False,False,False,False
806265,Blake Wolters,KCR,SP,9999,False,False,False,False,False,False
804871,Brooks Bryan,KCR,C,9999,False,False,False,False,False,False
815789,David Shields,KCR,SP,9999,False,False,False,False,False,False
701795,Drew Beam,KCR,SP,9999,False,False,False,False,False,False
702373,Felix Arronde,KCR,SP,9999,False,False,False,False,False,False
702965,Hiro Wyatt,KCR,SP,9999,False,False,False,False,False,False
700985,Josh Hansell,KCR,DH,9999,False,False,False,False,False,False
703610,Justin Lamkin,KCR,SP,9999,False,False,False,False,False,False
692137,L.P. Langevin,KCR,DH,9999,False,False,False,False,False,False
813533,Michael Lombardi,KCR,DH,9999,False,False,False,False,False,False
829071,Warren Calcaño,KCR,SS,9999,False,False,False,False,False,False
805615,Yeri Perez,KCR,DH,9999,False,False,False,False,False,False
803135,Austin Gordon,LAA,SP,9999,False,False,False,False,False,False
806010,Barrett Kent,LAA,SP,9999,False,False,False,False,False,False
702274,Chase Shores,LAA,DH,9999,False,False,False,False,False,False
700933,Chris Cortez,LAA,DH,9999,False,False,False,False,False,False
813335,Dylan Jordan,LAA,SP,9999,False,False,False,False,False,False
809814,Francis Texido,LAA,RP,9999,False,False,False,False,False,False
702586,Fulton Lockhart,LAA,DH,9999,False,False,False,False,False,False
815083,Mitch Farris,LAA,SP,9999,False,False,False,False,False,False
695402,Najer Victor,LAA,DH,9999,False,False,False,False,False,False
696270,Ryan Johnson,LAA,RP,9999,False,False,False,False,False,False
807281,Trey Gregory-Alford,LAA,SP,9999,False,False,False,False,False,False
803285,Tyler Bremner,LAA,SP,9999,False,False,False,False,False,False
808161,Ubaldo Soto,LAA,SP,9999,False,False,False,False,False,False
814279,Yeferson Vargas,LAA,DH,9999,False,False,False,False,False,False
700365,Yendy Gomez,LAA,DH,9999,False,False,False,False,False,False
801317,Alex Makarewich,LAD,DH,9999,False,False,False,False,False,False
806224,Brady Smith,LAD,SP,9999,False,False,False,False,False,False
824624,Brooks Auger,LAD,SP,9999,False,False,False,False,False,False
804942,Cam Leiter,LAD,SP,9999,False,False,False,False,False,False
800537,Christian Zazueta,LAD,SP,9999,False,False,False,False,False,False
815794,Hyun-Seok Jang,LAD,SP,9999,False,False,False,False,False,False
809915,Jakob Wright,LAD,RP,9999,False,False,False,False,False,False
689042,Jared Karros,LAD,SP,9999,False,False,False,False,False,False
806959,Joendry Vargas,LAD,SS,9999,False,False,False,False,False,False
692064,Jose Rodriguez,LAD,RP,9999,False,False,False,False,False,False
807833,Jose Vasquez,LAD,DH,9999,False,False,False,False,False,False
813916,Kellon Lindsey,LAD,CF,9999,False,False,False,False,False,False
805841,Logan Tabeling,LAD,DH,9999,False,False,False,False,False,False
808218,Luis Carias,LAD,SP,9999,False,False,False,False,False,False
812363,Marlon Nieves,LAD,SP,9999,False,False,False,False,False,False
701527,Mike Sirota,LAD,CF,9999,False,False,False,False,False,False
823860,Oliver Gonzalez,LAD,SP,9999,False,False,False,False,False,False
801434,Paul Gervase,LAD,DH,9999,False,False,False,False,False,False
806293,Payton Martin,LAD,SP,9999,False,False,False,False,False,False
695646,Peter Heubeck,LAD,DH,9999,False,False,False,False,False,False
808247,Samuel Sanchez,LAD,SP,9999,False,False,False,False,False,False
814507,Sterling Patick,LAD,RP,9999,False,False,False,False,False,False
702539,Zach Root,LAD,SP,9999,False,False,False,False,False,False
829763,Adrian  Pena,MIA,SP,9999,False,False,False,False,False,False
801995,Aiden May,MIA,RP,9999,False,False,False,False,False,False
690978,Dax Fulton,MIA,SP,9999,False,False,False,False,False,False
820940,Eiver Mosquera,MIA,SP,9999,False,False,False,False,False,False
824415,Grant Shepardson,MIA,SP,9999,False,False,False,False,False,False
806977,Janero Miller,MIA,DH,9999,False,False,False,False,False,False
698934,Jhoniel Serrano,MIA,DH,9999,False,False,False,False,False,False
804123,Joey Volini,MIA,SP,9999,False,False,False,False,False,False
821067,Jose Paulino,MIA,DH,9999,False,False,False,False,False,False
829074,Kevin Defrank,MIA,SP,9999,False,False,False,False,False,False
808547,Keyner Benitez,MIA,SP,9999,False,False,False,False,False,False
820960,Kifraidy Encarnacion,MIA,DH,9999,False,False,False,False,False,False
801737,Liomar Martinez,MIA,DH,9999,False,False,False,False,False,False
827626,Nate Payne,MIA,SP,9999,False,False,False,False,False,False
800611,Noble Meyer,MIA,SP,9999,False,False,False,False,False,False
829691,Pedro Montero,MIA,SP,9999,False,False,False,False,False,False
808690,Yohanfer Santana,MIA,SP,9999,False,False,False,False,False,False
815501,Bryce Meccage,MIL,SP,9999,False,False,False,False,False,False
823658,Daniel Dickinson,MIL,2B,9999,False,False,False,False,False,False
828475,Ethan Dorchies,MIL,P,9999,False,False,False,False,False,False
828774,Jack Hostetler,MIL,DH,9999,False,False,False,False,False,False
804756,Jacob Morrison,MIL,SP,9999,False,False,False,False,False,False
702505,JD Thompson,MIL,SP,9999,False,False,False,False,False,False
805807,Josh Knoth,MIL,SP,9999,False,False,False,False,False,False
650656,Luis Pena,MIL,SS,9999,False,False,False,False,False,False
804670,Ryan Birchard,MIL,RP,9999,False,False,False,False,False,False
834243,Sean Episcope,MIL,RP,9999,False,False,False,False,False,False
815868,Tyler Renz,MIL,P,9999,False,False,False,False,False,False
693750,Yerlin Rodriguez,MIL,DH,9999,False,False,False,False,False,False
807974,Adrian  Bohorquez,MIN,SP,9999,False,False,False,False,False,False
691576,Alejandro Hidalgo,MIN,RP,9999,False,False,False,False,False,False
805792,Charlee Soto,MIN,SP,9999,False,False,False,False,False,False
690217,C.J. Culpepper,MIN,SP,9999,False,False,False,False,False,False
828497,Cole Peschl,MIN,SP,9999,False,False,False,False,False,False
815893,Daiber De Los Santos,MIN,SS,9999,False,False,False,False,False,False
804539,Darren Bowen,MIN,DH,9999,False,False,False,False,False,False
815598,Dasan Hill,MIN,SP,9999,False,False,False,False,False,False
814291,Jacob Wosinski,MIN,RP,9999,False,False,False,False,False,False
806067,James Ellwanger,MIN,SP,9999,False,False,False,False,False,False
805279,Jason Reitz,MIN,SP,9999,False,False,False,False,False,False
699276,Jose Olivares,MIN,SP,9999,False,False,False,False,False,False
696070,Kendry Rojas,MIN,SP,9999,False,False,False,False,False,False
828786,Omar Montano,MIN,RP,9999,False,False,False,False,False,False
701487,Pierson Ohl,MIN,SP,9999,False,False,False,False,False,False
804981,Riley Quick,MIN,SP,9999,False,False,False,False,False,False
801594,Ryan Gallagher,MIN,SP,9999,False,False,False,False,False,False
829764,Santiago Castellanos,MIN,SP,9999,False,False,False,False,False,False
821050,Yoel Roque,MIN,DH,9999,False,False,False,False,False,False
697811,Dylan Ross,NYM,DH,9999,False,False,False,False,False,False
681657,Elian Pena,NYM,SS,9999,False,False,False,False,False,False
700370,Felipe De La Cruz,NYM,DH,9999,False,False,False,False,False,False
811307,Jack Wenninger,NYM,SP,9999,False,False,False,False,False,False
699309,Joel Díaz,NYM,SP,9999,False,False,False,False,False,False
804636,Jonah Tong,NYM,SP,9999,False,False,False,False,False,False
695558,Jonathan Santucci,NYM,DH,9999,False,False,False,False,False,False
800452,Jose Chirinos,NYM,SP,9999,False,False,False,False,False,False
700351,Luis Alvarez,NYM,DH,9999,False,False,False,False,False,False
691712,Luis R. Rodriguez,NYM,DH,9999,False,False,False,False,False,False
822038,Ryan Lambert,NYM,DH,9999,False,False,False,False,False,False
814492,Will Watson,NYM,RP,9999,False,False,False,False,False,False
806963,Brando Mayea,NYY,CF,9999,False,False,False,False,False,False
701480,Bryce Cunningham,NYY,SP,9999,False,False,False,False,False,False
703921,Chalniel Arias,NYY,SP,9999,False,False,False,False,False,False
694633,Chase Hampton,NYY,SP,9999,False,False,False,False,False,False
815454,Chris Kean,NYY,DH,9999,False,False,False,False,False,False
820996,Dexters Peralta,NYY,SS,9999,False,False,False,False,False,False
800471,Franyer Herrera,NYY,SP,9999,False,False,False,False,False,False
136601,George Lombard,NYY,SS,9999,False,False,False,False,False,False
702873,Hansel Rosario,NYY,DH,9999,False,False,False,False,False,False
700649,Henry Lalane,NYY,SP,9999,False,False,False,False,False,False
808394,Jerson Alejandro,NYY,SP,9999,False,False,False,False,False,False
702436,Luis Serna,NYY,SP,9999,False,False,False,False,False,False
686433,Luis Velasquez,NYY,DH,9999,False,False,False,False,False,False
800239,Sabier Marte,NYY,SP,9999,False,False,False,False,False,False
695765,Thatcher Hurd,NYY,RP,9999,False,False,False,False,False,False
693647,Thomas  Balboni Jr.,NYY,DH,9999,False,False,False,False,False,False
805261,Cade Obermueller,PHI,SP,9999,False,False,False,False,False,False
805790,Cody Bowker,PHI,SP,9999,False,False,False,False,False,False
465321,Gabriel Rincones,PHI,OF,9999,False,False,False,False,False,False
805906,Gage Wood,PHI,SP,9999,False,False,False,False,False,False
691893,Jean Cabrera,PHI,SP,9999,False,False,False,False,False,False
702431,Juan Amarante,PHI,DH,9999,False,False,False,False,False,False
703496,Mavis Graves,PHI,SP,9999,False,False,False,False,False,False
691330,Moisés Chace,PHI,SP,9999,False,False,False,False,False,False
827408,Ramon Marquez,PHI,P,9999,False,False,False,False,False,False
808207,Wen-Hui Pan,PHI,DH,9999,False,False,False,False,False,False
699008,Antwone Kelly,PIT,P,9999,False,False,False,False,False,False
694788,Carlson Reed,PIT,RP,9999,False,False,False,False,False,False
807968,David Matoma,PIT,SP,9999,False,False,False,False,False,False
682995,Hunter Barco,PIT,SP,9999,False,False,False,False,False,False
807002,Jeter Martinez,PIT,SP,9999,False,False,False,False,False,False
815552,Levi Sterling,PIT,SP,9999,False,False,False,False,False,False
809092,Murf Gray,PIT,3B,9999,False,False,False,False,False,False
821116,Reinold Navarro,PIT,DH,9999,False,False,False,False,False,False
815825,Seth Hernandez,PIT,P,9999,False,False,False,False,False,False
433592,Tony Blanco,PIT,1B,9999,False,False,False,False,False,False
805800,Zander Mueth,PIT,DH,9999,False,False,False,False,False,False
681097,Andrew Moore,SDP,DH,9999,False,False,False,False,False,False
699134,Bradgley Rodriguez,SDP,DH,9999,False,False,False,False,False,False
808893,Bryan Balzer,SDP,SP,9999,False,False,False,False,False,False
825419,Carlos Alvarez,SDP,SP,9999,False,False,False,False,False,False
800996,Cole Paplham,SDP,DH,9999,False,False,False,False,False,False
814232,Humberto Cruz,SDP,SP,9999,False,False,False,False,False,False
702584,Isaiah Lowe,SDP,SP,9999,False,False,False,False,False,False
695247,Jagger Haynes,SDP,RP,9999,False,False,False,False,False,False
695256,Josh Mallitz,SDP,RP,9999,False,False,False,False,False,False
807748,Kannon Kemp,SDP,SP,9999,False,False,False,False,False,False
824026,Kash Mayfield,SDP,SP,9999,False,False,False,False,False,False
828244,Kruz Schoolcraft,SDP,SP,9999,False,False,False,False,False,False
821634,Luis Maracara,SDP,SP,9999,False,False,False,False,False,False
823839,Manuel Davila,SDP,SP,9999,False,False,False,False,False,False
823745,Michael Salina,SDP,DH,9999,False,False,False,False,False,False
700280,Miguel Mendez,SDP,SP,9999,False,False,False,False,False,False
822160,Brock Moore,SEA,DH,9999,False,False,False,False,False,False
703603,Grant Jay,SEA,C,9999,False,False,False,False,False,False
702976,Griffin Hugus,SEA,SP,9999,False,False,False,False,False,False
701388,Jurrangelo Cijntje,SEA,SP,9999,False,False,False,False,False,False
807739,Kade Anderson,SEA,SP,9999,False,False,False,False,False,False
702668,Korbyn Dickerson,SEA,CF,9999,False,False,False,False,False,False
681041,Marcelo Perez,SEA,SP,9999,False,False,False,False,False,False
830336,Mason Peters,SEA,DH,9999,False,False,False,False,False,False
691786,Michael Morales,SEA,SP,9999,False,False,False,False,False,False
829306,Nick Becker,SEA,SS,9999,False,False,False,False,False,False
815549,Ryan Sloan,SEA,SP,9999,False,False,False,False,False,False
803141,Teddy McGraw,SEA,RP,9999,False,False,False,False,False,False
702640,Tyler Gough,SEA,SP,9999,False,False,False,False,False,False
821783,Argenis Cayama,SFG,SP,9999,False,False,False,False,False,False
808352,Brayan Narvaez,SFG,SP,9999,False,False,False,False,False,False
695746,Cale Lansville,SFG,SP,9999,False,False,False,False,False,False
806872,Carlos Gutierrez,SFG,LF,9999,False,False,False,False,False,False
825095,Drake George,SFG,DH,9999,False,False,False,False,False,False
698965,Gerelmi Maldonado,SFG,DH,9999,False,False,False,False,False,False
676883,Hayden Wynja,SFG,DH,9999,False,False,False,False,False,False
827500,Hunter Dryden,SFG,SP,9999,False,False,False,False,False,False
815298,Jacob Bresnahan,SFG,SP,9999,False,False,False,False,False,False
815212,Keyner Martinez,SFG,SP,9999,False,False,False,False,False,False
687216,Liam Simon,SFG,DH,9999,False,False,False,False,False,False
815219,Luis De La Torre,SFG,DH,9999,False,False,False,False,False,False
695789,Niko Mazza,SFG,RP,9999,False,False,False,False,False,False
693686,Spencer Miles,SFG,DH,9999,False,False,False,False,False,False
805074,Yunior Marte,SFG,SP,9999,False,False,False,False,False,False
676153,Austin Love,STL,DH,9999,False,False,False,False,False,False
801078,Braden Davis,STL,SP,9999,False,False,False,False,False,False
815919,Branneli Franco,STL,SP,9999,False,False,False,False,False,False
802408,Brycen Mautz,STL,SP,9999,False,False,False,False,False,False
827265,Cade Crossland,STL,SP,9999,False,False,False,False,False,False
813820,Chen-Wei Lin,STL,SP,9999,False,False,False,False,False,False
687309,Cooper Hjerpe,STL,SP,9999,False,False,False,False,False,False
831273,Ethan Young,STL,RP,9999,False,False,False,False,False,False
692284,Frank Elissalt,STL,DH,9999,False,False,False,False,False,False
684516,Hancel Rincon,STL,SP,9999,False,False,False,False,False,False
809100,Ixan Henderson,STL,SP,9999,False,False,False,False,False,False
813838,Jacob Odle,STL,DH,9999,False,False,False,False,False,False
692369,Jose Davila,STL,SP,9999,False,False,False,False,False,False
800320,Leonel Sequera,STL,SP,9999,False,False,False,False,False,False
824604,Liam Doyle,STL,SP,9999,False,False,False,False,False,False
702296,Nate Dohm,STL,SP,9999,False,False,False,False,False,False
695003,Randel Clemente,STL,DH,9999,False,False,False,False,False,False
806996,Reiner Lopez,STL,SP,9999,False,False,False,False,False,False
815829,Ryan Mitchell,STL,SS,9999,False,False,False,False,False,False
815119,Tanner Franklin,STL,SP,9999,False,False,False,False,False,False
694358,Tekoah Roby,STL,RP,9999,False,False,False,False,False,False
693311,Tink Hence,STL,SP,9999,False,False,False,False,False,False
821107,Yairo Padilla,STL,SS,9999,False,False,False,False,False,False
800277,Yordy Herrera,STL,DH,9999,False,False,False,False,False,False
828084,Daniel Pierce,TB,SS,9999,False,False,False,False,False,False
693739,Alexander Alberto,TBR,DH,9999,False,False,False,False,False,False
694647,Drew Dowd,TBR,SP,9999,False,False,False,False,False,False
702266,Dylan Lesko,TBR,SP,9999,False,False,False,False,False,False
804541,Gary Gill Hill,TBR,SP,9999,False,False,False,False,False,False
808250,Jose Urbina,TBR,SP,9999,False,False,False,False,False,False
687189,Marcus Johnson,TBR,SP,9999,False,False,False,False,False,False
807314,Trevor Harrison,TBR,SP,9999,False,False,False,False,False,False
806711,Yereny Teus,TBR,RP,9999,False,False,False,False,False,False
692414,Yoniel Curet,TBR,SP,9999,False,False,False,False,False,False
689583,Adrian Rodriguez,TEX,DH,9999,False,False,False,False,False,False
695778,Aidan Curry,TEX,RP,9999,False,False,False,False,False,False
805706,AJ Russell,TEX,SP,9999,False,False,False,False,False,False
691730,Alejandro Rosario,TEX,SP,9999,False,False,False,False,False,False
807291,Caden Scarborough,TEX,SP,9999,False,False,False,False,False,False
701717,Dalton Pence,TEX,P,9999,False,False,False,False,False,False
693713,Emiliano Teodo,TEX,DH,9999,False,False,False,False,False,False
800283,Enrique Segura,TEX,SP,9999,False,False,False,False,False,False
830472,Enyel Lopez,TEX,DH,9999,False,False,False,False,False,False
697795,Ismael Agreda,TEX,RP,9999,False,False,False,False,False,False
806094,Izack Tiger,TEX,DH,9999,False,False,False,False,False,False
692030,Jose Corniell,TEX,SP,9999,False,False,False,False,False,False
831384,Josh Owens,TEX,SS,9999,False,False,False,False,False,False
806641,Kolton Curtis,TEX,SP,9999,False,False,False,False,False,False
699214,Leandro Lopez,TEX,P,9999,False,False,False,False,False,False
681168,Luis Curvelo,TEX,DH,9999,False,False,False,False,False,False
829410,Maicol Reyes,TEX,DH,9999,False,False,False,False,False,False
814275,Michael Valverde,TEX,DH,9999,False,False,False,False,False,False
805823,Paul Bonzagni,TEX,SP,9999,False,False,False,False,False,False
692437,Winston Santos,TEX,SP,9999,False,False,False,False,False,False
815914,Andres Arias,TOR,RF,9999,False,False,False,False,False,False
682785,Angel Bastardo,TOR,RP,9999,False,False,False,False,False,False
687629,Bo Bonds,TOR,DH,9999,False,False,False,False,False,False
702255,Brandon Barriera,TOR,SP,9999,False,False,False,False,False,False
692479,Dahian  Santos,TOR,RP,9999,False,False,False,False,False,False
800125,Fernando Perez,TOR,SP,9999,False,False,False,False,False,False
804948,Gage Stanifer,TOR,P,9999,False,False,False,False,False,False
834404,Jake Cook,TOR,CF,9999,False,False,False,False,False,False
801358,Jared Spencer,TOR,DH,9999,False,False,False,False,False,False
803516,Johnny King,TOR,SP,9999,False,False,False,False,False,False
828098,JoJo Parker,TOR,SS,9999,False,False,False,False,False,False
805793,Landen Maroudis,TOR,SP,9999,False,False,False,False,False,False
692117,Micah Bucknam,TOR,SP,9999,False,False,False,False,False,False
802511,Sam Shaw,TOR,LF,9999,False,False,False,False,False,False
697813,T.J. Brock,TOR,DH,9999,False,False,False,False,False,False
702056,Trey Yesavage,TOR,SP,9999,False,False,False,False,False,False
815983,Coy James,WSH,SS,9999,False,False,False,False,False,False
816102,Landon Harmon,WSH,P,9999,False,False,False,False,False,False
691251,Andry Lara,WSN,SP,9999,False,False,False,False,False,False
811291,Eriq Swan,WSN,DH,9999,False,False,False,False,False,False
703186,Jarlin Susana,WSN,SP,9999,False,False,False,False,False,False
808243,Jose Feliz,WSN,SP,9999,False,False,False,False,False,False
695620,Josh Randall,WSN,SP,9999,False,False,False,False,False,False
800344,Sean Paul Liñan,WSN,SP,9999,False,False,False,False,False,False
805809,Travis Sykora,WSN,SP,9999,False,False,False,False,False,False
701347,Yoel Tejeda Jr.,WSN,SP,9999,False,False,False,False,False,False
