prospect_id,name,position,fangraphs_player_id,fv,top_100_rank,hit_future,game_power_future,speed_future,mlb_expectation,mlb_expectation_numeric,fb_future,cmd_future,velocity_sits_high,best_secondary
8170,Konnor Griffin,SS,sa3065496,65,1.0,45.0,70.0,70.0,All-Star,3,,,,
8171,Jesús Made,SS,sa3024108,65,2.0,60.0,60.0,45.0,All-Star,3,,,,
8176,Max Clark,CF,sa3022683,60,7.0,60.0,45.0,70.0,All-Star,3,,,,
8173,Samuel Basallo,C,28824,60,4.0,45.0,70.0,40.0,All-Star,3,,,,
8172,Kevin McGonigle,2B,sa3022895,60,3.0,70.0,55.0,50.0,All-Star,3,,,,
8175,Sebastian Walcott,SS,sa3021069,60,6.0,45.0,70.0,50.0,All-Star,3,,,,
8183,Carson Williams,SS,30038,55,14.0,35.0,55.0,55.0,Regular,2,,,,
8185,Bryce Eldridge,1B,33390,55,16.0,40.0,70.0,30.0,Regular,2,,,,
8177,Colt Emerson,SS,sa3022923,55,8.0,55.0,50.0,50.0,Regular,2,,,,
8186,Josue De Paula,RF,sa3018591,55,17.0,40.0,60.0,45.0,Regular,2,,,,
8178,JJ Wetherholt,2B,sa3025154,55,9.0,60.0,50.0,50.0,Regular,2,,,,
8190,Ethan Holliday,3B,sa3069149,55,21.0,45.0,60.0,40.0,Regular,2,,,,
8180,Aidan Miller,SS,sa3022609,55,11.0,50.0,60.0,55.0,Regular,2,,,,
8184,George Lombard Jr.,SS,sa3023233,55,15.0,40.0,55.0,55.0,Regular,2,,,,
8179,Leo De Vries,SS,sa3023363,55,10.0,45.0,55.0,40.0,Regular,2,,,,
8189,Alfredo Duno,C,sa3021066,55,20.0,40.0,65.0,50.0,Regular,2,,,,
8246,Jimmy Crooks,C,31354,50,77.0,40.0,45.0,20.0,Regular,2,,,,
8200,Josue Briceño,C,sa3018584,50,31.0,50.0,55.0,30.0,Regular,2,,,,
8208,Joe Mack,C,sa3017374,50,39.0,30.0,50.0,40.0,Regular,2,,,,
8228,Carson Benge,CF,sa3025452,50,59.0,60.0,45.0,55.0,Regular,2,,,,
8215,Braden Montgomery,RF,sa3038253,50,46.0,40.0,60.0,50.0,Regular,2,,,,
8206,Arjun Nimmala,SS,sa3022892,50,37.0,45.0,60.0,40.0,Regular,2,,,,
8210,Thayron Liranzo,C,sa3015790,50,41.0,40.0,60.0,30.0,Regular,2,,,,
8209,Leonardo Bernal,C,sa3015773,50,40.0,50.0,45.0,30.0,Regular,2,,,,
8213,Kevin Alcántara,CF,25971,50,44.0,35.0,60.0,60.0,Regular,2,,,,
8194,Franklin Arias,SS,sa3021845,50,25.0,60.0,45.0,40.0,Regular,2,,,,
8218,Ethan Salas,C,sa3020881,50,49.0,40.0,55.0,40.0,Regular,2,,,,
8238,Jett Williams,CF,sa3020134,50,69.0,40.0,55.0,60.0,Regular,2,,,,
8216,Emmanuel Rodriguez,CF,sa3014693,50,47.0,30.0,60.0,50.0,Regular,2,,,,
8214,Zyhir Hope,RF,sa3022703,50,45.0,40.0,65.0,60.0,Regular,2,,,,
8193,Angel Genao,SS,sa3015706,50,24.0,55.0,55.0,50.0,Regular,2,,,,
8198,Luis Peña,SS,sa3024134,50,29.0,60.0,45.0,55.0,Regular,2,,,,
8212,Harry Ford,C,29958,50,43.0,45.0,45.0,55.0,Regular,2,,,,
8195,Travis Bazzana,2B,sa3025129,50,26.0,50.0,55.0,60.0,Regular,2,,,,
8258,Jeferson Quero,C,sa3015407,50,89.0,40.0,55.0,40.0,Regular,2,,,,
8207,Aiva Arquette,SS,sa3026235,50,38.0,45.0,60.0,60.0,Regular,2,,,,
8241,Eduardo Quintero,CF,sa3021208,50,72.0,50.0,50.0,55.0,Regular,2,,,,
8231,Michael Arroyo,2B,sa3018429,50,62.0,40.0,55.0,45.0,Regular,2,,,,
8245,Kayson Cunningham,2B,sa3069148,50,76.0,70.0,45.0,40.0,Regular,2,,,,
8229,Ryan Waldschmidt,LF,sa3025261,50,60.0,40.0,55.0,60.0,Regular,2,,,,
8240,Rainiel Rodriguez,C,sa3023987,50,71.0,50.0,55.0,40.0,Regular,2,,,,
8197,Josuar De Jesus Gonzalez,SS,sa3067675,50,28.0,50.0,55.0,60.0,Regular,2,,,,
8223,Alex Freeland,SS,31665,50,54.0,35.0,55.0,50.0,Regular,2,,,,
8199,Walker Jenkins,LF,sa3022894,50,30.0,60.0,50.0,40.0,Regular,2,,,,
8244,Felnin Celesten,SS,sa3023381,50,75.0,45.0,55.0,50.0,Regular,2,,,,
8232,Jacob Reimer,3B,sa3020416,50,63.0,60.0,50.0,30.0,Regular,2,,,,
8196,Eli Willits,SS,sa3069164,50,27.0,60.0,45.0,60.0,Regular,2,,,,
8239,Jonny Farmelo,CF,sa3023362,50,70.0,40.0,55.0,70.0,Regular,2,,,,
8224,Jefferson Rojas,SS,sa3018571,50,55.0,50.0,50.0,45.0,Regular,2,,,,
8211,Carter Jensen,C,29478,50,42.0,40.0,50.0,40.0,Regular,2,,,,
8217,Chase DeLauter,RF,sa3021053,50,48.0,55.0,60.0,40.0,Regular,2,,,,
8247,Tre' Morgan,1B,sa3022919,50,78.0,55.0,40.0,50.0,Regular,2,,,,
8230,Cooper Ingle,C,sa3023069,50,61.0,60.0,35.0,50.0,Regular,2,,,,
8243,Edward Florentino,1B,sa3023944,50,74.0,45.0,60.0,30.0,Regular,2,,,,
8225,Cooper Pratt,SS,sa3022867,50,56.0,50.0,45.0,45.0,Regular,2,,,,
8287,Justin Crawford,CF,sa3020240,45,,50.0,30.0,70.0,Part-Time,1,,,,
8415,Andrew Fischer,3B,sa3031366,45,,40.0,55.0,45.0,Part-Time,1,,,,
8441,Luis Lara,CF,sa3018514,45,,50.0,35.0,60.0,Part-Time,1,,,,
8359,A.J. Ewing,CF,sa3022963,45,,40.0,45.0,70.0,Part-Time,1,,,,
8519,Ralphy Velazquez,1B,sa3023013,45,,40.0,55.0,30.0,Part-Time,1,,,,
8489,Tanner Schobel,SS,sa3020009,45,,50.0,40.0,60.0,Part-Time,1,,,,
8383,Gabriel Gonzalez,RF,sa3015723,45,,60.0,40.0,40.0,Part-Time,1,,,,
8518,Marek Houston,SS,sa3034152,45,,60.0,35.0,55.0,Part-Time,1,,,,
8408,Elian Peña,3B,sa3067674,45,,50.0,55.0,30.0,Part-Time,1,,,,
8385,Ryan Clifford,RF,sa3020126,45,,35.0,60.0,30.0,Part-Time,1,,,,
8296,Dax Kilby,RF,sa3069080,45,,45.0,55.0,60.0,Part-Time,1,,,,
8337,Aroon Escobar,2B,sa3018463,45,,55.0,50.0,50.0,Part-Time,1,,,,
8289,Moisés Ballesteros,C,28820,45,,50.0,50.0,20.0,Part-Time,1,,,,
8390,Termarr Johnson,2B,sa3020214,45,,45.0,50.0,50.0,Part-Time,1,,,,
8286,Xavier Isaac,1B,sa3020498,45,,30.0,70.0,40.0,Part-Time,1,,,,
8413,Wyatt Sanford,SS,sa3066665,45,,50.0,45.0,50.0,Part-Time,1,,,,
8439,Murf Gray,3B,sa3032619,45,,45.0,55.0,40.0,Part-Time,1,,,,
8332,Drew Gilbert,CF,31545,45,,50.0,40.0,55.0,Part-Time,1,,,,
8358,Jhonny Level,2B,sa3023898,45,,50.0,50.0,50.0,Part-Time,1,,,,
8459,Yorger Bautista,CF,sa3067684,45,,60.0,45.0,60.0,Part-Time,1,,,,
8310,Gavin Kilen,SS,sa3035353,45,,55.0,45.0,55.0,Part-Time,1,,,,
8295,Sal Stewart,3B,31505,45,,45.0,50.0,30.0,Part-Time,1,,,,
8379,Brailer Guerrero,RF,sa3021072,45,,40.0,55.0,40.0,Part-Time,1,,,,
8520,Dominic Keegan,1B,sa3020194,45,,40.0,50.0,30.0,Part-Time,1,,,,
8493,Cooper Kinney,2B,sa3017793,45,,45.0,50.0,40.0,Part-Time,1,,,,
8376,Yairo Padilla,SS,sa3023925,45,,55.0,55.0,40.0,Part-Time,1,,,,
8360,Devin Taylor,LF,sa3043560,45,,50.0,55.0,50.0,Part-Time,1,,,,
8285,Diego Tornes,LF,sa3066458,45,,50.0,60.0,40.0,Part-Time,1,,,,
8465,Caden Bodine,C,sa3027305,45,,60.0,45.0,40.0,Part-Time,1,,,,
8437,Griff O'Ferrall,SS,sa3025409,45,,60.0,40.0,50.0,Part-Time,1,,,,
8288,Wehiwa Aloy,SS,sa3025961,45,,35.0,55.0,50.0,Part-Time,1,,,,
8338,Dylan Beavers,CF,31695,45,,50.0,40.0,55.0,Part-Time,1,,,,
8365,Enrique Bradfield Jr.,CF,sa3022917,45,,60.0,35.0,70.0,Part-Time,1,,,,
8276,Ike Irish,C,sa3034445,45,,45.0,55.0,40.0,Part-Time,1,,,,
8496,Yoeilin Cespedes,2B,sa3021085,45,,45.0,55.0,40.0,Part-Time,1,,,,
8467,Mikey Romero,3B,sa3020216,45,,35.0,55.0,40.0,Part-Time,1,,,,
8355,James Triantos,2B,sa3017295,45,,70.0,35.0,50.0,Part-Time,1,,,,
8393,Dorian Soto,SS,sa3067678,45,,45.0,55.0,60.0,Part-Time,1,,,,
8329,Ethan Conrad,CF,sa3029266,45,,50.0,50.0,55.0,Part-Time,1,,,,
8312,Caleb Bonemer,3B,sa3067043,45,,45.0,50.0,40.0,Part-Time,1,,,,
8336,Cam Collier,3B,sa3020131,45,,40.0,55.0,30.0,Part-Time,1,,,,
8271,Charlie Condon,3B,sa3025257,45,,30.0,60.0,40.0,Part-Time,1,,,,
8435,Juan Brito,2B,sa3009808,45,,55.0,45.0,50.0,Part-Time,1,,,,
8363,Roc Riggio,2B,sa3022750,45,,40.0,55.0,50.0,Part-Time,1,,,,
8492,Kahlil Watson,CF,sa3017513,45,,40.0,55.0,55.0,Part-Time,1,,,,
8409,Jaison Chourio,CF,sa3018399,45,,55.0,45.0,50.0,Part-Time,1,,,,
8378,Gabriel Rodriguez,SS,sa3024645,45,,50.0,50.0,50.0,Part-Time,1,,,,
8548,Jace LaViolette,CF,sa3036058,45,,35.0,55.0,55.0,Part-Time,1,,,,
8266,Kevin Alvarez,LF,sa3067677,45,,45.0,60.0,40.0,Part-Time,1,,,,
8462,Joendry Vargas,SS,sa3021067,45,,35.0,50.0,40.0,Part-Time,1,,,,
8491,James Tibbs III,RF,sa3025333,45,,45.0,55.0,50.0,Part-Time,1,,,,
8405,Emil Morales,SS,sa3023887,45,,35.0,60.0,50.0,Part-Time,1,,,,
8466,Cam Cannarella,CF,sa3028360,45,,40.0,45.0,60.0,Part-Time,1,,,,
8389,Andrew Salas,SS,sa3067045,45,,50.0,50.0,60.0,Part-Time,1,,,,
8377,Mike Sirota,CF,sa3042374,45,,40.0,50.0,60.0,Part-Time,1,,,,
8412,Nathan Martorella,1B,sa3019978,45,,50.0,50.0,30.0,Part-Time,1,,,,
8430,Tai Peete,CF,sa3022966,45,,30.0,55.0,60.0,Part-Time,1,,,,
8578,Welbyn Francisca,2B,sa3021087,45,,60.0,40.0,60.0,Part-Time,1,,,,
8327,Braylon Payne,CF,sa3025647,45,,40.0,45.0,70.0,Part-Time,1,,,,
8283,Kaelen Culpepper,SS,sa3025360,45,,40.0,50.0,55.0,Part-Time,1,,,,
8375,Lazaro Montes,RF,sa3018409,45,,35.0,60.0,30.0,Part-Time,1,,,,
8311,Asbel Gonzalez,CF,sa3021639,45,,55.0,40.0,60.0,Part-Time,1,,,,
8315,Edwin Arroyo,SS,sa3017626,45,,40.0,45.0,55.0,Part-Time,1,,,,
8293,Nelson Rada,CF,sa3018421,45,,50.0,30.0,60.0,Part-Time,1,,,,
8319,Starlyn Caba,SS,sa3021070,45,,60.0,30.0,60.0,Part-Time,1,,,,
8302,Elvin Garcia,3B,sa3024147,45,,45.0,60.0,40.0,Part-Time,1,,,,
8290,LuJames Groover,3B,sa3022887,45,,50.0,45.0,55.0,Part-Time,1,,,,
8265,Jacob Melton,CF,31661,45,,50.0,55.0,55.0,Part-Time,1,,,,
8268,Spencer Jones,CF,sa3019969,45,,30.0,60.0,60.0,Part-Time,1,,,,
8298,Malcolm Moore,C,sa3025250,45,,45.0,55.0,30.0,Part-Time,1,,,,
8305,Jhostynxon Garcia,CF,28142,45,,40.0,55.0,55.0,Part-Time,1,,,,
8364,Nick Yorke,2B,27504,45,,55.0,45.0,40.0,Part-Time,1,,,,
8297,Sterlin Thompson,LF,sa3019999,45,,50.0,50.0,40.0,Part-Time,1,,,,
8307,Owen Caissie,RF,27496,45,,35.0,60.0,30.0,Part-Time,1,,,,
8306,Walker Janek,C,sa3025254,45,,40.0,50.0,50.0,Part-Time,1,,,,
8301,Brayden Taylor,3B,sa3022921,45,,35.0,55.0,50.0,Part-Time,1,,,,
8279,Brice Matthews,2B,33280,45,,45.0,45.0,55.0,Part-Time,1,,,,
8308,Seaver King,SS,sa3025414,45,,50.0,40.0,60.0,Part-Time,1,,,,
8406,Tommy Troy,SS,sa3022561,45,,35.0,45.0,80.0,Part-Time,1,,,,
8300,Eduardo Tait,C,sa3022162,45,,40.0,60.0,30.0,Part-Time,1,,,,
8356,Demetrio Crisantes,2B,sa3021051,45,,55.0,40.0,40.0,Part-Time,1,,,,
8267,Blake Mitchell,C,sa3022756,45,,30.0,55.0,35.0,Part-Time,1,,,,
8304,Bryce Rainer,SS,sa3066592,45,,40.0,55.0,55.0,Part-Time,1,,,,
8494,Vance Honeycutt,CF,sa3025526,45,,30.0,45.0,60.0,Part-Time,1,,,,
8273,Jansel Luis,SS,sa3018508,45,,40.0,55.0,50.0,Part-Time,1,,,,
8392,Cris Rodriguez,RF,sa3066593,45,,40.0,60.0,40.0,Part-Time,1,,,,
8391,Devin Fitz-Gerald,3B,sa3067320,45,,50.0,55.0,50.0,Part-Time,1,,,,
8352,Theo Gillen,CF,sa3025565,45,,60.0,50.0,55.0,Part-Time,1,,,,
8270,Yolfran Castillo,SS,sa3023726,45,,55.0,55.0,50.0,Part-Time,1,,,,
8331,Christian Franklin,CF,sa3017510,45,,45.0,45.0,50.0,Part-Time,1,,,,
8291,Luke Dickerson,2B,sa3067329,45,,45.0,50.0,70.0,Part-Time,1,,,,
8343,Cristopher Polanco,SS,sa3067125,45,,60.0,40.0,60.0,Part-Time,1,,,,
8967,Ryan Ignoffo,C,sa3022573,40,,45.0,30.0,40.0,Bench,0,,,,
9118,Esmil Valencia,LF,sa3021082,40,,55.0,45.0,45.0,Bench,0,,,,
8429,Tirso Ornelas,LF,22566,40,,45.0,45.0,45.0,Bench,0,,,,
8931,Nate Furman,2B,sa3020763,40,,60.0,30.0,60.0,Bench,0,,,,
8705,Rayner Arias,CF,sa3021076,40,,40.0,55.0,50.0,Bench,0,,,,
8678,Charlie Szykowny,3B,sa3022689,40,,50.0,45.0,40.0,Bench,0,,,,
8635,Victor Hurtado,RF,sa3023888,40,,50.0,55.0,40.0,Bench,0,,,,
8426,Cole Carrigg,CF,sa3022596,40,,40.0,45.0,55.0,Bench,0,,,,
8667,Jacob Cozart,C,sa3025434,40,,20.0,40.0,30.0,Bench,0,,,,
9115,Nathan Flewelling,C,sa3067041,40,,40.0,50.0,30.0,Bench,0,,,,
8484,Jared Thomas,LF,sa3025252,40,,40.0,50.0,50.0,Bench,0,,,,
8453,Kelvin Hidalgo,SS,sa3018472,40,,30.0,50.0,50.0,Bench,0,,,,
8938,Johan Rodriguez,SS,sa3024364,40,,50.0,45.0,50.0,Bench,0,,,,
8853,Petey Halpin,CF,27931,40,,40.0,35.0,60.0,Bench,0,,,,
8485,Max Anderson,2B,sa3022567,40,,35.0,50.0,50.0,Bench,0,,,,
8731,Jancel Villarroel,DH,sa3020102,40,,50.0,50.0,40.0,Bench,0,,,,
8831,Roberto Campos,RF,sa3014683,40,,45.0,50.0,50.0,Bench,0,,,,
8455,Hao-Yu Lee,2B,sa3017863,40,,40.0,50.0,30.0,Bench,0,,,,
8802,John Peck,SS,sa3022896,40,,35.0,45.0,45.0,Bench,0,,,,
8498,Joseph Sullivan,LF,sa3025413,40,,40.0,55.0,55.0,Bench,0,,,,
8642,Justin Foscue,1B,27501,40,,60.0,35.0,30.0,Bench,0,,,,
8703,Kenedy Corona,CF,26244,40,,35.0,35.0,60.0,Bench,0,,,,
8565,Shay Whitcomb,2B,27789,40,,40.0,50.0,55.0,Bench,0,,,,
8558,Charles Davalan,LF,sa3029860,40,,60.0,35.0,60.0,Bench,0,,,,
8706,Javier Vaz,2B,sa3019906,40,,60.0,30.0,60.0,Bench,0,,,,
8397,Denzer Guzman,SS,28816,40,,30.0,40.0,60.0,Bench,0,,,,
8820,Capri Ortiz,SS,sa3018473,40,,35.0,30.0,70.0,Bench,0,,,,
8851,Kendall George,CF,sa3022660,40,,40.0,40.0,70.0,Bench,0,,,,
8600,Juan Flores,C,sa3021185,40,,35.0,30.0,20.0,Bench,0,,,,
8797,Ryan Lasko,CF,sa3022539,40,,30.0,40.0,60.0,Bench,0,,,,
8369,Ramon Ramirez,C,sa3021637,40,,35.0,50.0,40.0,Bench,0,,,,
8585,Kellon Lindsey,CF,sa3067042,40,,40.0,40.0,80.0,Bench,0,,,,
8474,Yandel Ricardo,3B,sa3024305,40,,45.0,50.0,40.0,Bench,0,,,,
8511,Cameron Cauley,SS,sa3017167,40,,30.0,45.0,70.0,Bench,0,,,,
8708,Joswa Lugo,SS,sa3023894,40,,40.0,55.0,60.0,Bench,0,,,,
8737,Gabriel Davalillo,C,sa3068659,40,,30.0,50.0,30.0,Bench,0,,,,
8828,Deyvison De Los Santos,DH,sa3015168,40,,35.0,60.0,30.0,Bench,0,,,,
8786,Chris Arroyo,RF,sa3026239,40,,40.0,60.0,40.0,Bench,0,,,,
9034,Zach Ehrhard,RF,sa3025247,40,,40.0,50.0,55.0,Bench,0,,,,
9171,Andrew Pintar,CF,sa3020715,40,,30.0,45.0,60.0,Bench,0,,,,
9172,Callan Moss,1B,sa3025392,40,,45.0,45.0,40.0,Bench,0,,,,
8883,Roynier Hernandez,3B,sa3018495,40,,55.0,30.0,45.0,Bench,0,,,,
8720,Brandon Valenzuela,C,sa3005729,40,,40.0,40.0,30.0,Bench,0,,,,
8825,Noah Miller,SS,sa3017512,40,,45.0,30.0,45.0,Bench,0,,,,
9038,Andres Valor,CF,sa3021278,40,,35.0,55.0,50.0,Bench,0,,,,
8588,Ashly Andujar,SS,sa3023890,40,,55.0,45.0,60.0,Bench,0,,,,
8427,Dylan Dreiling,LF,sa3025251,40,,55.0,45.0,55.0,Bench,0,,,,
9093,Brandon Compton,LF,sa3029229,40,,40.0,55.0,50.0,Bench,0,,,,
8804,Juan Sanchez,SS,sa3067129,40,,40.0,50.0,40.0,Bench,0,,,,
8544,Gabriel Rincones Jr.,LF,sa3020758,40,,35.0,50.0,40.0,Bench,0,,,,
9036,Will Simpson,1B,sa3022530,40,,45.0,50.0,30.0,Bench,0,,,,
8510,Omar Alfonzo,C,sa3015665,40,,40.0,50.0,20.0,Bench,0,,,,
8719,Miguel Bleis,CF,sa3016834,40,,35.0,55.0,60.0,Bench,0,,,,
8887,Kenny Fenelon,CF,sa3067474,40,,40.0,45.0,60.0,Bench,0,,,,
8792,Samuel Zavala,CF,sa3015718,40,,35.0,45.0,50.0,Bench,0,,,,
9031,Hendry Mendez,LF,sa3015727,40,,60.0,30.0,40.0,Bench,0,,,,
9040,Brock Wilken,3B,sa3022499,40,,35.0,55.0,40.0,Bench,0,,,,
9088,Cade McGee,3B,sa3025153,40,,50.0,45.0,40.0,Bench,0,,,,
8747,Mike Boeve,3B,sa3022658,40,,55.0,40.0,40.0,Bench,0,,,,
8523,Josh Adamczewski,LF,sa3023168,40,,45.0,55.0,50.0,Bench,0,,,,
8830,Yeremy Cabrera,CF,sa3018549,40,,30.0,50.0,60.0,Bench,0,,,,
8697,Aidan Smith,CF,sa3022611,40,,40.0,45.0,60.0,Bench,0,,,,
9143,Maykel Coret,RF,sa3067683,40,,30.0,50.0,55.0,Bench,0,,,,
8570,Josh Kuroda-Grauer,2B,sa3025386,40,,55.0,30.0,50.0,Bench,0,,,,
8935,Chase Davis,CF,sa3022426,40,,45.0,45.0,50.0,Bench,0,,,,
8629,Drew Romo,C,27763,40,,50.0,30.0,40.0,Bench,0,,,,
8809,Dameury  Pena,2B,sa3021624,40,,60.0,45.0,45.0,Bench,0,,,,
8769,Blaze Jordan,1B,sa3014537,40,,50.0,50.0,30.0,Bench,0,,,,
8875,Daniel Susac,C,sa3019997,40,,35.0,45.0,30.0,Bench,0,,,,
8986,Diego Velasquez,SS,sa3016144,40,,50.0,30.0,40.0,Bench,0,,,,
8764,Jacob Gonzalez,SS,sa3022498,40,,40.0,45.0,40.0,Bench,0,,,,
9013,Kemp Alderman,LF,sa3022562,40,,30.0,60.0,30.0,Bench,0,,,,
8446,George Wolkow,1B,sa3022817,40,,20.0,60.0,40.0,Bench,0,,,,
8663,Brandon Winokur,RF,sa3022613,40,,30.0,55.0,50.0,Bench,0,,,,
8632,Kavares Tears,RF,sa3043596,40,,35.0,50.0,50.0,Bench,0,,,,
8371,Héctor  Rodríguez,RF,sa3015828,40,,50.0,45.0,45.0,Bench,0,,,,
8812,Marco Dinges,C,sa3025495,40,,45.0,45.0,50.0,Bench,0,,,,
8454,Gavin Fien,RF,sa3069166,40,,40.0,55.0,50.0,Bench,0,,,,
8557,Jesus Baez,3B,sa3018507,40,,45.0,50.0,40.0,Bench,0,,,,
8833,Andres Arias,RF,sa3025145,40,,40.0,55.0,50.0,Bench,0,,,,
8615,Tony Blanco Jr.,1B,sa3019722,40,,30.0,70.0,30.0,Bench,0,,,,
9095,Eric Bitonti,1B,sa3022866,40,,35.0,50.0,30.0,Bench,0,,,,
8419,Austin Charles,3B,sa3020497,40,,30.0,55.0,55.0,Bench,0,,,,
8899,Dashyll Tejeda,CF,sa3021315,40,,55.0,40.0,50.0,Bench,0,,,,
9063,Tanner Murray,2B,sa3016805,40,,50.0,45.0,40.0,Bench,0,,,,
8733,Kevin Bazzell,C,sa3025511,40,,50.0,50.0,30.0,Bench,0,,,,
8759,Luke Adams,1B,sa3020135,40,,55.0,40.0,30.0,Bench,0,,,,
8450,Carlos Jorge,CF,sa3016722,40,,35.0,45.0,60.0,Bench,0,,,,
8658,Andy Perez,SS,sa3015857,40,,50.0,45.0,50.0,Bench,0,,,,
9145,Dillon Head,CF,sa3022753,40,,50.0,30.0,70.0,Bench,0,,,,
9139,Cristofer Torin,2B,sa3018938,40,,60.0,30.0,40.0,Bench,0,,,,
9211,Leonardo Pineda,CF,sa3023721,40,,40.0,45.0,60.0,Bench,0,,,,
9210,Byron Chourio,CF,sa3018644,40,,50.0,40.0,55.0,Bench,0,,,,
8911,Maximo Acosta,SS,27963,40,,45.0,40.0,55.0,Bench,0,,,,
9169,Warel Solano,SS,sa3067685,40,,40.0,45.0,50.0,Bench,0,,,,
9209,Elian De La Cruz,RF,sa3067695,40,,40.0,55.0,40.0,Bench,0,,,,
9191,Raymer Medina,2B,sa3067696,40,,50.0,40.0,50.0,Bench,0,,,,
8681,Dario Laverde,C,sa3018470,40,,45.0,45.0,20.0,Bench,0,,,,
8525,Luis Baez,1B,sa3018482,40,,35.0,55.0,40.0,Bench,0,,,,
8536,Josh Owens,SS,sa3069169,40,,45.0,55.0,50.0,Bench,0,,,,
8856,Paulino Santana,RF,sa3023718,40,,40.0,50.0,55.0,Bench,0,,,,
8599,Edgar Montero,SS,sa3024109,40,,50.0,50.0,40.0,Bench,0,,,,
8457,Griffin Burkholder,CF,sa3025418,40,,40.0,50.0,70.0,Bench,0,,,,
8725,Juneiker Caceres,RF,sa3024329,40,,55.0,40.0,45.0,Bench,0,,,,
8554,Ronny Cruz,SS,sa3067336,40,,35.0,55.0,40.0,Bench,0,,,,
8593,Kendry Martínez,2B,sa3067676,40,,50.0,45.0,40.0,Bench,0,,,,
8760,Juan Cabada,SS,sa3067679,40,,55.0,45.0,55.0,Bench,0,,,,
8625,Ayden Johnson,3B,sa3067681,40,,40.0,55.0,50.0,Bench,0,,,,
9192,Wilfri De La Cruz,3B,sa3067682,40,,50.0,45.0,40.0,Bench,0,,,,
8347,Deivid Coronil,SS,sa3067691,40,,45.0,50.0,55.0,Bench,0,,,,
8929,Marconi German,SS,sa3067715,40,,55.0,40.0,55.0,Bench,0,,,,
8507,Ruben Castillo,CF,sa3067849,40,,40.0,50.0,60.0,Bench,0,,,,
9251,James  Quinn-Irons,CF,sa3040344,40,,40.0,55.0,50.0,Bench,0,,,,
8374,Orelvis Martinez,3B,25967,40,,30.0,60.0,40.0,Bench,0,,,,
8928,Christian Cerda,C,sa3015623,40,,40.0,40.0,30.0,Bench,0,,,,
8858,Daniel Dickinson,2B,sa3030286,40,,50.0,45.0,40.0,Bench,0,,,,
8611,Robert Arias,CF,sa3024304,40,,65.0,35.0,60.0,Bench,0,,,,
9381,Emilio Sanchez,SS,sa3024110,40,,50.0,30.0,50.0,Bench,0,,,,
8322,Jorge Quintana,3B,sa3024107,40,,45.0,55.0,45.0,Bench,0,,,,
8660,Eddinson Paulino,3B,sa3009538,40,,45.0,45.0,45.0,Bench,0,,,,
8916,Brailyn Antunez,CF,sa3067486,40,,40.0,50.0,60.0,Bench,0,,,,
9120,José Anderson,RF,sa3024133,40,,40.0,50.0,40.0,Bench,0,,,,
8641,Luis Cova,CF,sa3023723,40,,50.0,50.0,50.0,Bench,0,,,,
8944,Brady  Ebel,SS,sa3069100,40,,50.0,45.0,50.0,Bench,0,,,,
8912,Ethan Hedges,3B,sa3033512,40,,45.0,40.0,50.0,Bench,0,,,,
8571,Kaeden Kent,SS,sa3035283,40,,45.0,45.0,50.0,Bench,0,,,,
8841,Jake Cook,CF,sa3029303,40,,55.0,30.0,80.0,Bench,0,,,,
9065,Jose Castro,RF,sa3023752,40,,40.0,55.0,40.0,Bench,0,,,,
8401,Josh Kasevich,SS,sa3020203,40,,65.0,30.0,45.0,Bench,0,,,,
8653,Shotaro Morii,DH,sa3067343,40,,45.0,50.0,45.0,Bench,0,,,,
8751,Adriel Radney,CF,sa3023886,40,,50.0,50.0,55.0,Bench,0,,,,
8985,Jair Camargo,C,21730,40,,20.0,50.0,20.0,Bench,0,,,,
8701,Ernesto Martinez Jr.,1B,sa3003173,40,,40.0,55.0,45.0,Bench,0,,,,
8689,Gage Workman,3B,27573,40,,20.0,40.0,55.0,Bench,0,,,,
9234,Jeral Toledo,2B,sa3015590,40,,55.0,40.0,50.0,Bench,0,,,,
8652,Chris Suero,C,sa3018614,40,,30.0,40.0,60.0,Bench,0,,,,
8709,Colin Houck,SS,sa3022964,40,,35.0,45.0,55.0,Bench,0,,,,
8987,Heriberto Rincon,CF,sa3021238,40,,40.0,50.0,60.0,Bench,0,,,,
9059,Kala'i Rosario,RF,sa3015199,40,,35.0,55.0,45.0,Bench,0,,,,
8732,Benjamin Cowles,SS,sa3016976,40,,40.0,45.0,50.0,Bench,0,,,,
9189,Jose Salas,2B,sa3014690,40,,45.0,45.0,40.0,Bench,0,,,,
8448,Eli Serrano III,LF,sa3025407,40,,55.0,45.0,50.0,Bench,0,,,,
8682,Boston Baro,SS,sa3022962,40,,50.0,50.0,50.0,Bench,0,,,,
8738,Daiverson Gutierrez,C,sa3021086,40,,40.0,45.0,30.0,Bench,0,,,,
8695,Quentin Young,3B,sa3069187,40,,30.0,50.0,40.0,Bench,0,,,,
9008,Khadim Diaw,C,sa3025259,40,,45.0,35.0,40.0,Bench,0,,,,
8782,Kyle DeBarge,SS,sa3025260,40,,55.0,40.0,60.0,Bench,0,,,,
8961,Edward Lantigua,LF,sa3024476,40,,50.0,45.0,45.0,Bench,0,,,,
8587,PJ Morlando,LF,sa3025199,40,,45.0,60.0,45.0,Bench,0,,,,
8723,Eduardo Beltre,RF,sa3024928,40,,40.0,50.0,50.0,Bench,0,,,,
8752,Payton Eeles,2B,sa3023622,40,,55.0,40.0,60.0,Bench,0,,,,
8872,Haritzon Castillo,SS,sa3067692,40,,55.0,45.0,55.0,Bench,0,,,,
8794,Cesar Acosta,C,sa3067868,40,,40.0,50.0,20.0,Bench,0,,,,
9011,George Valera,RF,22541,40,,30.0,55.0,45.0,Bench,0,,,,
9015,Tyler Black,1B,29949,40,,50.0,40.0,60.0,Bench,0,,,,
8852,Carlos D. Rodriguez,CF,sa3005478,40,,60.0,30.0,50.0,Bench,0,,,,
8829,Julio Carreras,SS,sa3005598,40,,30.0,30.0,60.0,Bench,0,,,,
8905,Matt Koperniak,LF,sa3014834,40,,45.0,50.0,55.0,Bench,0,,,,
8542,Mitch Voit,2B,sa3044552,40,,45.0,50.0,60.0,Bench,0,,,,
8480,Dexters Peralta,SS,sa3023745,40,,45.0,50.0,60.0,Bench,0,,,,
8798,Brando Mayea,CF,sa3020679,40,,30.0,40.0,60.0,Bench,0,,,,
8766,Yovanny Rodriguez,C,sa3023720,40,,45.0,50.0,30.0,Bench,0,,,,
8656,Juan Matheus,SS,sa3018611,40,,55.0,40.0,55.0,Bench,0,,,,
8515,Bryan Rincon,SS,sa3020221,40,,40.0,45.0,50.0,Bench,0,,,,
8487,Dante Nori,CF,sa3025411,40,,45.0,30.0,70.0,Bench,0,,,,
8770,T.J. Rumfield,1B,sa3017330,40,,55.0,45.0,30.0,Bench,0,,,,
8482,Cam Devanney,SS,25688,40,,35.0,55.0,50.0,Bench,0,,,,
8573,Leandro Pineda,RF,sa3008905,40,,40.0,50.0,40.0,Bench,0,,,,
8994,Billy Cook,CF,29573,40,,35.0,50.0,70.0,Bench,0,,,,
9213,Adonys Guzman,C,sa3032892,40,,45.0,40.0,30.0,Bench,0,,,,
8685,Wilberson De Pena,RF,sa3025019,40,,40.0,50.0,60.0,Bench,0,,,,
8942,Darell Morel,3B,sa3066667,40,,40.0,50.0,50.0,Bench,0,,,,
9014,Rafael Flores,C,31991,40,,30.0,50.0,40.0,Bench,0,,,,
9094,Sammy Stafura,SS,sa3022612,40,,35.0,40.0,60.0,Bench,0,,,,
8758,Edgleen Perez,C,sa3021330,40,,45.0,45.0,40.0,Bench,0,,,,
9039,Jack Brannigan,SS,sa3019922,40,,40.0,50.0,50.0,Bench,0,,,,
9066,Tsung-Che Cheng,SS,28344,40,,50.0,40.0,50.0,Bench,0,,,,
8884,Keiner Delgado,SS,sa3018397,40,,40.0,40.0,60.0,Bench,0,,,,
9194,Easton Carmichael,C,sa3028459,40,,45.0,40.0,30.0,Bench,0,,,,
8589,Estuar Suero,CF,sa3018481,40,,40.0,55.0,60.0,Bench,0,,,,
9067,Blake Burke,1B,sa3025381,40,,40.0,55.0,20.0,Bench,0,,,,
8560,Jhonny Severino,SS,sa3018415,40,,40.0,55.0,60.0,Bench,0,,,,
8699,Jared Serna,SS,sa3015579,40,,45.0,45.0,60.0,Bench,0,,,,
8535,Yordany De Los Santos,SS,sa3018408,40,,40.0,50.0,50.0,Bench,0,,,,
9007,Kevin Made,SS,sa3014679,40,,40.0,40.0,55.0,Bench,0,,,,
8811,Johan De Los Santos,CF,sa3066666,40,,40.0,40.0,80.0,Bench,0,,,,
8516,Jhoan De La Cruz,SS,sa3067693,40,,50.0,40.0,55.0,Bench,0,,,,
8528,Jesus Rodriguez,C,sa3008916,40,,50.0,40.0,50.0,Bench,0,,,,
8524,Luis Suisbel,3B,sa3016717,40,,40.0,55.0,40.0,Bench,0,,,,
8649,Sabin Ceballos,3B,sa3022500,40,,45.0,40.0,40.0,Bench,0,,,,
8473,Dakota Jordan,CF,sa3025601,40,,30.0,50.0,70.0,Bench,0,,,,
8445,Bo Davidson,CF,sa3022706,40,,30.0,45.0,50.0,Bench,0,,,,
8634,Abdias De La Cruz,RF,sa3019401,40,,50.0,50.0,60.0,Bench,0,,,,
8456,Victor Arias,CF,sa3015636,40,,40.0,50.0,60.0,Bench,0,,,,
8813,Korbyn Dickerson,CF,sa3030281,40,,30.0,45.0,60.0,Bench,0,,,,
8552,Luke Stevenson,C,sa3043081,40,,35.0,50.0,30.0,Bench,0,,,,
8499,Nick Becker,SS,sa3069151,40,,40.0,50.0,50.0,Bench,0,,,,
8983,Ethan Petry,1B,sa3039828,40,,35.0,60.0,30.0,Bench,0,,,,
8726,Brendan Summerhill,CF,sa3043325,40,,45.0,50.0,55.0,Bench,0,,,,
8959,Wade Meckler,CF,31490,40,,55.0,35.0,50.0,Bench,0,,,,
8939,Hunter Feduccia,C,23372,40,,50.0,30.0,30.0,Bench,0,,,,
9058,Pedro Catuy,CF,sa3021061,40,,35.0,50.0,60.0,Bench,0,,,,
8962,César Prieto,2B,30163,40,,60.0,35.0,40.0,Bench,0,,,,
8640,Jadher Areinamo,2B,sa3015802,40,,60.0,40.0,45.0,Bench,0,,,,
8422,Tommy White,3B,sa3025383,40,,40.0,55.0,40.0,Bench,0,,,,
8991,Émilien Pitre,2B,sa3025391,40,,55.0,40.0,50.0,Bench,0,,,,
8966,Gregory Barrios,SS,sa3015800,40,,55.0,30.0,60.0,Bench,0,,,,
8637,Joshua Baez,RF,sa3017022,40,,35.0,60.0,40.0,Bench,0,,,,
8584,Jack Gurevitch,1B,sa3032859,40,,45.0,55.0,40.0,Bench,0,,,,
8608,JD Dix,SS,sa3066859,40,,45.0,50.0,45.0,Bench,0,,,,
8988,Royelny Strop,CF,sa3068180,40,,40.0,45.0,60.0,Bench,0,,,,
8799,John Gil,SS,sa3021284,40,,40.0,45.0,60.0,Bench,0,,,,
8992,Payton Green,SS,sa3025195,40,,45.0,45.0,40.0,Bench,0,,,,
8956,Yassel Soler,3B,sa3022281,40,,50.0,50.0,40.0,Bench,0,,,,
8781,Druw Jones,CF,sa3020676,40,,30.0,45.0,55.0,Bench,0,,,,
8819,Carlos Pacheco,CF,sa3018455,40,,55.0,40.0,60.0,Bench,0,,,,
8917,Yophery Rodriguez,CF,sa3021083,40,,45.0,45.0,60.0,Bench,0,,,,
8471,Slade Caldwell,CF,sa3066460,40,,55.0,35.0,70.0,Bench,0,,,,
8452,Jose Perdomo,3B,sa3025104,40,,50.0,55.0,40.0,Bench,0,,,,
9165,Alberto Barriga,C,sa3018595,40,,55.0,30.0,55.0,Bench,0,,,,
8572,Alex Lodise,SS,sa3036445,40,,40.0,40.0,50.0,Bench,0,,,,
8643,Ethan Anderson,1B,sa3025410,40,,55.0,40.0,30.0,Bench,0,,,,
8694,Cristhian Vaquero,CF,sa3018403,40,,30.0,50.0,70.0,Bench,0,,,,
8627,Nick Montgomery,C,sa3066457,40,,40.0,50.0,40.0,Bench,0,,,,
8444,Caleb Lomavita,C,sa3025404,40,,40.0,45.0,40.0,Bench,0,,,,
8810,Jud Fabian,CF,sa3019942,40,,30.0,45.0,60.0,Bench,0,,,,
8898,Jorge Barrosa,CF,23968,40,,60.0,30.0,55.0,Bench,0,,,,
8428,RJ Schreck,RF,sa3022602,40,,55.0,40.0,50.0,Bench,0,,,,
9361,Frederick Bencosme,SS,sa3016779,40,,55.0,30.0,45.0,Bench,0,,,,
9269,Creed Willems,C,sa3017562,40,,35.0,55.0,20.0,Bench,0,,,,
9350,Tavian Josenberger,CF,sa3022808,40,,55.0,35.0,55.0,Bench,0,,,,
9287,Elis Cuevas,CF,sa3019509,40,,40.0,45.0,55.0,Bench,0,,,,
8650,Warren Calcaño,SS,sa3067541,40,,50.0,40.0,60.0,Bench,0,,,,
9371,Leandro Arias,SS,sa3018433,40,,40.0,40.0,50.0,Bench,0,,,,
8785,Austin Overn,CF,sa3025408,40,,40.0,55.0,70.0,Bench,0,,,,
8867,Miguel Rodríguez,C,sa3021226,40,,60.0,30.0,20.0,Bench,0,,,,
8840,Jordan Sanchez,RF,sa3024112,40,,45.0,55.0,40.0,Bench,0,,,,
9117,Stiven Martinez,RF,sa3024627,40,,40.0,55.0,40.0,Bench,0,,,,
9212,Nate George,CF,sa3067128,40,,45.0,50.0,55.0,Bench,0,,,,
9391,José Peña,SS,sa3067127,40,,45.0,50.0,60.0,Bench,0,,,,
8424,Tate Southisene,SS,sa3069150,40,,45.0,55.0,60.0,Bench,0,,,,
8591,Andruw  Musett,C,sa3021175,40,,40.0,50.0,20.0,Bench,0,,,,
8527,Daniel Hernandez,C,sa3067734,40,,60.0,35.0,40.0,Bench,0,,,,
8787,Nelly Taylor,CF,sa3023426,40,,40.0,45.0,60.0,Bench,0,,,,
8417,Jonathon Long,1B,sa3022864,40,,40.0,55.0,40.0,Bench,0,,,,
8566,Pablo Aliendo,C,sa3006220,40,,35.0,45.0,40.0,Bench,0,,,,
8619,Cole Mathis,1B,sa3037300,40,,55.0,45.0,45.0,Bench,0,,,,
8970,Mason White,SS,sa3045125,40,,35.0,45.0,55.0,Bench,0,,,,
8945,Marvin Alcantara,SS,sa3018558,40,,50.0,40.0,60.0,Bench,0,,,,
8677,Kane Kepley,CF,sa3035293,40,,60.0,30.0,60.0,Bench,0,,,,
8748,Harold Rivas,CF,sa3067705,40,,40.0,45.0,60.0,Bench,0,,,,
8526,Juan Tomas,SS,sa3067758,40,,35.0,50.0,60.0,Bench,0,,,,
8638,Logan Wagner,3B,sa3019932,40,,40.0,55.0,40.0,Bench,0,,,,
9035,Alfonsin Rosario,RF,sa3022868,40,,30.0,55.0,45.0,Bench,0,,,,
8777,Franklin Rojas,C,sa3025018,40,,50.0,45.0,30.0,Bench,0,,,,
8909,Christian Cairo,SS,sa3010028,40,,40.0,30.0,50.0,Bench,0,,,,
8934,Mason Neville,CF,sa3038799,40,,40.0,50.0,55.0,Bench,0,,,,
8398,Tyson Lewis,SS,sa3066822,40,,40.0,50.0,70.0,Bench,0,,,,
8768,Blake Dunn,CF,29487,40,,40.0,40.0,60.0,Bench,0,,,,
8568,William Bergolla,SS,sa3019777,40,,60.0,20.0,50.0,Bench,0,,,,
8622,Alexander Albertus,3B,sa3018950,40,,60.0,30.0,50.0,Bench,0,,,,
8597,Jeral Perez,2B,sa3018557,40,,45.0,45.0,45.0,Bench,0,,,,
8698,Dauri Fernandez,SS,sa3024327,40,,60.0,30.0,55.0,Bench,0,,,,
9190,Aaron Walton,CF,sa3044756,40,,45.0,45.0,60.0,Bench,0,,,,
9062,Dean Curley,3B,sa3029706,40,,45.0,50.0,50.0,Bench,0,,,,
8651,Kyle Lodise,SS,sa3059833,40,,45.0,40.0,55.0,Bench,0,,,,
8968,Max Belyeu,RF,sa3026937,40,,40.0,50.0,40.0,Bench,0,,,,
8855,Yeiker Reyes,CF,sa3021126,40,,55.0,30.0,60.0,Bench,0,,,,
8400,Robert Calaz,RF,sa3021078,40,,30.0,55.0,40.0,Bench,0,,,,
8704,Yahil Melendez,SS,sa3022692,40,,50.0,45.0,40.0,Bench,0,,,,
8621,Daniel  Jose Lopez,CF,sa3021298,40,,45.0,45.0,45.0,Bench,0,,,,
8559,Zac Veen,RF,27770,40,,40.0,45.0,70.0,Bench,0,,,,
8690,Sean Keys,3B,sa3025317,40,,40.0,55.0,30.0,Bench,0,,,,
9126,Carlos Gutierrez,LF,sa3022336,35,,55.0,40.0,50.0,Bench,0,,,,
9433,Yiddi Cappe,LF,sa3015515,35,,40.0,55.0,40.0,Bench,0,,,,
9368,Logan Driscoll,C,25475,35,,40.0,40.0,30.0,Bench,0,,,,
9239,Maui Ahuna,SS,sa3023373,35,,30.0,40.0,50.0,Bench,0,,,,
8805,Spencer Packard,LF,sa3016803,35,,55.0,40.0,30.0,Bench,0,,,,
9275,Cole Foster,SS,sa3022673,35,,30.0,30.0,40.0,Bench,0,,,,
9199,Bryan Martinez,RF,sa3021600,35,,40.0,55.0,40.0,Bench,0,,,,
9257,Aeverson Arteaga,SS,sa3014707,35,,30.0,40.0,50.0,Bench,0,,,,
8952,Richard Matic,3B,sa3023749,35,,40.0,55.0,30.0,Bench,0,,,,
9103,Matthew Lugo,LF,25980,35,,40.0,50.0,55.0,Bench,0,,,,
9198,Jonah Cox,CF,sa3022541,35,,30.0,40.0,70.0,Bench,0,,,,
9415,Angel Guzman,LF,sa3021268,35,,50.0,50.0,50.0,Bench,0,,,,
9388,Mac Horvath,CF,sa3022885,35,,40.0,45.0,60.0,Bench,0,,,,
8778,Brock Rodden,2B,sa3022432,35,,50.0,45.0,60.0,Bench,0,,,,
9100,Lisbel Diaz,RF,sa3022399,35,,40.0,45.0,50.0,Bench,0,,,,
9354,Yohendry Sanchez,C,sa3023896,35,,30.0,45.0,20.0,Bench,0,,,,
9332,Anthony Marquez,SS,sa3023960,35,,55.0,30.0,60.0,Bench,0,,,,
9107,Luis Guanipa,CF,sa3020884,35,,45.0,40.0,60.0,Bench,0,,,,
8808,Romeo Sanabria,1B,sa3019865,35,,50.0,45.0,20.0,Bench,0,,,,
9343,Djean Macares,CF,sa3067126,35,,55.0,40.0,50.0,Bench,0,,,,
9319,Yulian Barreto,SS,sa3067124,35,,40.0,30.0,50.0,Bench,0,,,,
9256,Gian Zapata,CF,sa3021079,35,,30.0,55.0,55.0,Bench,0,,,,
9405,Kenny Castillo,C,sa3015863,35,,30.0,35.0,20.0,Bench,0,,,,
9303,Matthew Wood,C,sa3019924,35,,50.0,30.0,30.0,Bench,0,,,,
9217,Yohandy Morales,1B,sa3022672,35,,35.0,50.0,40.0,Bench,0,,,,
9262,Landyn Vidourek,CF,sa3044483,35,,40.0,50.0,60.0,Bench,0,,,,
9342,Carson McCusker,RF,33098,35,,30.0,60.0,40.0,Bench,0,,,,
9293,Travis Honeyman,CF,sa3023679,35,,45.0,40.0,55.0,Bench,0,,,,
9378,Colton Ledbetter,CF,sa3022897,35,,30.0,50.0,50.0,Bench,0,,,,
8546,Hayden Alvarez,CF,sa3023906,35,,45.0,40.0,60.0,Bench,0,,,,
8975,Henry Bolte,RF,sa3020006,35,,30.0,40.0,80.0,Bench,0,,,,
9396,Homer Bush Jr.,CF,sa3022480,35,,40.0,30.0,80.0,Bench,0,,,,
9155,Rio Foster,RF,sa3022491,35,,30.0,55.0,45.0,Bench,0,,,,
9218,Brett Auerbach,2B,sa3014941,35,,30.0,40.0,55.0,Bench,0,,,,
9204,Ching-Hsien Ko,RF,sa3025230,35,,40.0,50.0,50.0,Bench,0,,,,
9224,Chase Harlan,3B,sa3067256,35,,30.0,60.0,40.0,Bench,0,,,,
9393,Santiago Leon,SS,sa3067689,35,,45.0,40.0,50.0,Bench,0,,,,
9329,Ivan Luciano,C,sa3067397,35,,50.0,45.0,40.0,Bench,0,,,,
9385,Jalin Flores,SS,sa3031465,35,,35.0,50.0,55.0,Bench,0,,,,
8837,Kale Fountain,3B,sa3067321,35,,35.0,55.0,40.0,Bench,0,,,,
9383,Jhomnardo Reyes,RF,sa3067700,35,,40.0,55.0,50.0,Bench,0,,,,
8925,Robert Moore,SS,sa3019928,35,,40.0,34.0,60.0,Bench,0,,,,
9407,Eliomar Garces,SS,sa3068523,35,,45.0,30.0,50.0,Bench,0,,,,
9077,Arnaldo Lantigua,LF,sa3021084,35,,35.0,60.0,40.0,Bench,0,,,,
9366,Samuel Munoz,LF,sa3018407,35,,55.0,45.0,40.0,Bench,0,,,,
9132,Juan Rujano,C,sa3067752,35,,45.0,45.0,30.0,Bench,0,,,,
9261,Nathan Church,CF,31357,35,,60.0,30.0,55.0,Bench,0,,,,
9348,Carter Johnson,SS,sa3025203,35,,60.0,40.0,45.0,Bench,0,,,,
9220,Myles Naylor,3B,sa3022605,35,,40.0,50.0,40.0,Bench,0,,,,
9048,Darwing Ozuna,RF,sa3068179,35,,30.0,45.0,60.0,Bench,0,,,,
8866,Lamar King Jr.,C,sa3020279,35,,50.0,35.0,30.0,Bench,0,,,,
9205,David McCabe,3B,sa3019964,35,,45.0,55.0,30.0,Bench,0,,,,
9258,Nate Nankil,RF,sa3022532,35,,50.0,40.0,40.0,Bench,0,,,,
9054,Elorky Rodriguez,LF,sa3067697,35,,55.0,40.0,45.0,Bench,0,,,,
9304,Jose Alpuria,CF,sa3018562,35,,40.0,45.0,70.0,Bench,0,,,,
9394,Jack Hurley,CF,sa3022564,35,,30.0,40.0,55.0,Bench,0,,,,
9337,Chase Jaworsky,SS,sa3022700,35,,40.0,40.0,60.0,Bench,0,,,,
9099,Brett Bateman,CF,sa3022603,35,,55.0,30.0,60.0,Bench,0,,,,
9316,Tytus Cissell,SS,sa3067331,35,,40.0,45.0,55.0,Bench,0,,,,
9240,Pedro Blanco,1B,sa3023945,35,,45.0,60.0,30.0,Bench,0,,,,
9270,Eduardo Garcia,SS,sa3008751,35,,30.0,45.0,50.0,Bench,0,,,,
9225,Juan Mateo,SS,sa3024340,35,,55.0,40.0,55.0,Bench,0,,,,
9382,J.J. D'Orazio,C,sa3008876,35,,35.0,40.0,30.0,Bench,0,,,,
9389,Victor Ortega,C,sa3018439,35,,60.0,30.0,40.0,Bench,0,,,,
9022,Gavin Turley,LF,sa3044148,35,,30.0,55.0,50.0,Bench,0,,,,
9379,Drew Faurot,2B,sa3031193,35,,30.0,50.0,40.0,Bench,0,,,,
8979,Abimelec  Ortiz,1B,sa3016926,35,,40.0,55.0,20.0,Bench,0,,,,
9317,Sam Brown,1B,sa3023367,35,,45.0,40.0,40.0,Bench,0,,,,
9017,Jace Bohrofen,CF,sa3022653,35,,30.0,45.0,50.0,Bench,0,,,,
9247,Mario Baez,SS,sa3021286,35,,45.0,40.0,50.0,Bench,0,,,,
9162,Derek Bernard,LF,sa3018477,35,,30.0,55.0,40.0,Bench,0,,,,
9326,Axiel Plaz,C,sa3018480,35,,30.0,45.0,20.0,Bench,0,,,,
9325,Almen Tolentino,C,sa3024628,35,,55.0,45.0,30.0,Bench,0,,,,
9152,Darren Baker,2B,29912,35,,60.0,35.0,50.0,Bench,0,,,,
9005,Gleider Figueroa,3B,sa3015813,35,,40.0,50.0,30.0,Bench,0,,,,
9080,Kevin Kilpatrick Jr.,CF,sa3019891,35,,30.0,40.0,60.0,Bench,0,,,,
8978,Erick Brito,SS,sa3011753,35,,55.0,30.0,50.0,Bench,0,,,,
9314,Sammy Siani,RF,sa3010704,35,,50.0,40.0,55.0,Bench,0,,,,
9440,RJ Austin,CF,sa3026315,35,,55.0,30.0,60.0,Bench,0,,,,
9154,Greg Jones,CF,25448,35,,20.0,30.0,80.0,Bench,0,,,,
9027,Dylan Campbell,RF,sa3022751,35,,50.0,45.0,50.0,Bench,0,,,,
8947,Grant Jay,C,sa3034611,35,,30.0,50.0,30.0,Bench,0,,,,
9291,Ben Ross,SS,sa3020353,35,,40.0,30.0,55.0,Bench,0,,,,
9443,Fernando Peguero,CF,sa3018546,35,,40.0,40.0,70.0,Bench,0,,,,
9423,Thomas Sosa,LF,sa3018566,35,,35.0,50.0,50.0,Bench,0,,,,
9323,Jose Devers,SS,sa3015292,35,,30.0,40.0,60.0,Bench,0,,,,
8924,Francisco Vilorio,RF,sa3023893,35,,35.0,55.0,50.0,Bench,0,,,,
8864,Jorbit Vivas,2B,23917,35,,50.0,40.0,50.0,Bench,0,,,,
9418,Brandon Butterworth,SS,sa3025264,35,,35.0,35.0,60.0,Bench,0,,,,
9081,Carson DeMartini,3B,sa3025198,35,,30.0,50.0,40.0,Bench,0,,,,
9429,Cobb Hightower,SS,sa3066025,35,,50.0,30.0,60.0,Bench,0,,,,
9057,Enddy Azocar,RF,sa3023764,35,,45.0,50.0,50.0,Bench,0,,,,
8977,Antonio Gomez,C,sa3008746,35,,20.0,30.0,30.0,Bench,0,,,,
9255,Sam Shaw,LF,sa3022889,35,,60.0,30.0,40.0,Bench,0,,,,
8949,Ty Southisene,SS,sa3066842,35,,40.0,35.0,60.0,Bench,0,,,,
9176,Derniche Valdez,SS,sa3021068,35,,30.0,50.0,60.0,Bench,0,,,,
9442,Max Wagner,3B,sa3020415,35,,40.0,50.0,45.0,Bench,0,,,,
9401,Angel Brachi,SS,sa3023784,35,,55.0,30.0,60.0,Bench,0,,,,
9330,Carlos Taveras,1B,sa3021209,35,,35.0,50.0,40.0,Bench,0,,,,
8894,Roderick Arias,SS,sa3019674,35,,30.0,50.0,50.0,Bench,0,,,,
9043,BJ Murray Jr.,3B,sa3017287,35,,50.0,40.0,45.0,Bench,0,,,,
9201,Antonio Jimenez,SS,sa3034692,35,,35.0,50.0,40.0,Bench,0,,,,
9019,Pedro Ramirez,3B,sa3015834,35,,55.0,30.0,40.0,Bench,0,,,,
9369,Max Williams,RF,sa3045333,35,,35.0,55.0,40.0,Bench,0,,,,
8835,Cristian Hernandez,SS,sa3015696,35,,30.0,40.0,55.0,Bench,0,,,,
9200,CJ Alexander,3B,20557,35,,30.0,50.0,45.0,Bench,0,,,,
9338,Jared Jones,1B,sa3034881,35,,30.0,55.0,30.0,Bench,0,,,,
9053,John Spikerman,CF,sa3025197,35,,40.0,40.0,60.0,Bench,0,,,,
8862,Eriandys Ramon,3B,sa3022256,35,,50.0,45.0,40.0,Bench,0,,,,
8921,Eli Lovich,RF,sa3067332,35,,45.0,55.0,40.0,Bench,0,,,,
9180,Felix Morrobel,SS,sa3021103,35,,40.0,45.0,45.0,Bench,0,,,,
9439,Ryan Stafford,C,sa3025405,35,,45.0,30.0,50.0,Bench,0,,,,
9179,Alejandro Cruz,3B,sa3067702,35,,40.0,40.0,40.0,Bench,0,,,,
9047,Javier Mogollon,2B,sa3021855,35,,30.0,50.0,60.0,Bench,0,,,,
9363,Ricardo Olivar,C,sa3015234,35,,40.0,45.0,40.0,Bench,0,,,,
9125,Brayan Cortesia,SS,sa3067686,35,,45.0,40.0,45.0,Bench,0,,,,
9157,Marco Vargas,SS,sa3018632,35,,50.0,30.0,50.0,Bench,0,,,,
9051,Adolfo Sanchez,RF,sa3023709,35,,35.0,50.0,50.0,Bench,0,,,,
9181,Cooper Bowman,CF,sa3016966,35,,45.0,35.0,60.0,Bench,0,,,,
8893,Tyler Callihan,2B,27497,35,,40.0,45.0,50.0,Bench,0,,,,
9184,Mani Cedeno,SS,sa3067680,35,,50.0,40.0,50.0,Bench,0,,,,
9222,Kyle Henley,CF,sa3023012,35,,20.0,35.0,70.0,Bench,0,,,,
9175,Josh Rivera,SS,sa3022590,35,,30.0,40.0,50.0,Bench,0,,,,
9025,Yerlin Confidan,RF,sa3015176,35,,30.0,55.0,40.0,Bench,0,,,,
9021,Wilfred Veras,RF,sa3015178,35,,30.0,55.0,40.0,Bench,0,,,,
9289,Juan Corniel,SS,sa3015169,35,,30.0,30.0,60.0,Bench,0,,,,
9183,Victor Acosta,SS,sa3015705,35,,40.0,30.0,60.0,Bench,0,,,,
9129,Jadiel Sanchez,RF,sa3011629,35,,55.0,40.0,50.0,Bench,0,,,,
9131,Jay Allen II,CF,sa3017403,35,,30.0,40.0,60.0,Bench,0,,,,
8923,Peyton Stovall,2B,sa3025512,35,,55.0,40.0,40.0,Bench,0,,,,
9159,Leo Balcazar,SS,sa3015798,35,,30.0,35.0,55.0,Bench,0,,,,
9426,Joshua Liranzo,3B,sa3021198,35,,40.0,55.0,40.0,Bench,0,,,,
9202,Liberts Aponte,SS,sa3067288,35,,40.0,30.0,55.0,Bench,0,,,,
9044,Sir Jamison Jones,C,sa3067322,35,,35.0,45.0,30.0,Bench,0,,,,
8953,Juan Villavicencio,SS,sa3018494,35,,45.0,40.0,55.0,Bench,0,,,,
9182,Jeremy Rodriguez,SS,sa3021101,35,,50.0,30.0,50.0,Bench,0,,,,
9306,Daiber De Los Santos,SS,sa3023885,35,,40.0,55.0,60.0,Bench,0,,,,
9042,Will Bush,C,sa3022698,35,,35.0,45.0,30.0,Bench,0,,,,
9300,Eddie Rynders,3B,sa3066663,35,,45.0,50.0,50.0,Bench,0,,,,
8576,Anyelo Marquez,2B,sa3021178,35,,55.0,40.0,40.0,Bench,0,,,,
9078,David Mershon,CF,sa3025335,35,,35.0,30.0,70.0,Bench,0,,,,
9331,Enrique Jimenez,C,sa3021091,35,,40.0,40.0,30.0,Bench,0,,,,
8891,Fernando Cruz,SS,sa3024303,35,,40.0,45.0,60.0,Bench,0,,,,
9398,Jose Fernandez,SS,sa3015204,35,,30.0,40.0,50.0,Bench,0,,,,
9377,Nick Mitchell,RF,sa3025315,35,,55.0,35.0,50.0,Bench,0,,,,
8692,Ty Harvey,C,sa3069181,35,,40.0,55.0,30.0,Bench,0,,,,
9441,Reed Trimble,CF,sa3017180,35,,40.0,45.0,55.0,Bench,0,,,,
9295,Breyson Guedez,LF,sa3067688,35,,30.0,50.0,50.0,Bench,0,,,,
9111,Andrew Navigato,SS,sa3010703,35,,45.0,45.0,45.0,Bench,0,,,,
9071,Angel Feliz,3B,sa3023892,35,,55.0,40.0,40.0,Bench,0,,,,
9110,Braylen Wimmer,SS,sa3022671,35,,30.0,40.0,45.0,Bench,0,,,,
9283,Benny Montgomery,CF,sa3017169,35,,20.0,40.0,60.0,Bench,0,,,,
9001,Jirvin Morillo,C,sa3023751,35,,55.0,40.0,40.0,Bench,0,,,,
9328,Luiyin Alastre,LF,sa3021210,35,,55.0,30.0,40.0,Bench,0,,,,
9281,Jake Fox,CF,sa3017734,35,,50.0,30.0,60.0,Bench,0,,,,
9387,Nolan Schubart,LF,sa3041794,35,,30.0,60.0,30.0,Bench,0,,,,
9397,Johan Machado,SS,sa3067724,35,,60.0,30.0,60.0,Bench,0,,,,
9149,Dasan Brown,CF,sa3011717,35,,35.0,40.0,80.0,Bench,0,,,,
9352,Yasser Mercedes,RF,sa3019557,35,,30.0,50.0,50.0,Bench,0,,,,
8807,Devin Saltiban,CF,sa3022827,35,,30.0,55.0,60.0,Bench,0,,,,
9097,Charles McAdoo,3B,sa3022823,35,,35.0,50.0,40.0,Bench,0,,,,
9265,Kamuel Villar,SS,sa3067803,35,,40.0,45.0,50.0,Bench,0,,,,
9029,Braylin  Morel,RF,sa3021229,35,,40.0,55.0,30.0,Bench,0,,,,
9403,Yoffry Solano,2B,sa3019638,35,,60.0,30.0,50.0,Bench,0,,,,
8980,Franyerber Montilla,SS,sa3018580,35,,45.0,40.0,55.0,Bench,0,,,,
8861,Alberto Hernandez,SS,sa3018582,35,,35.0,25.0,50.0,Bench,0,,,,
9253,Filippo Di Turi,SS,sa3021093,35,,40.0,40.0,50.0,Bench,0,,,,
9241,Jorgelys Mota,3B,sa3019465,35,,30.0,55.0,55.0,Bench,0,,,,
9148,Starlyn Nunez,SS,sa3021216,35,,30.0,30.0,60.0,Bench,0,,,,
8948,Ethan  Frey,DH,sa3031717,35,,45.0,60.0,30.0,Bench,0,,,,
8834,Caden Powell,3B,sa3025361,35,,35.0,45.0,50.0,Bench,0,,,,
9372,Billy Amick,3B,sa3025249,35,,30.0,50.0,45.0,Bench,0,,,,
8920,Zach Cole,CF,31583,35,,35.0,50.0,60.0,Bench,0,,,,
9122,Yohendrick Pinango,LF,sa3009539,35,,40.0,45.0,40.0,Bench,0,,,,
9235,Carson Rucker,3B,sa3022926,35,,40.0,50.0,40.0,Bench,0,,,,
9158,Heriberto Caraballo,C,sa3021317,35,,50.0,40.0,45.0,Bench,0,,,,
9340,Cristopher Acosta,SS,sa3067475,35,,45.0,30.0,50.0,Bench,0,,,,
9127,Brooks Bryan,C,sa3027921,35,,35.0,55.0,30.0,Bench,0,,,,
9390,Carlos Caro,2B,sa3021325,35,,50.0,40.0,50.0,Bench,0,,,,
9208,Edward Duran,C,sa3016719,35,,30.0,30.0,30.0,Bench,0,,,,
9024,Ronald Hernandez,C,sa3015738,35,,40.0,40.0,30.0,Bench,0,,,,
8174,Bubba Chandler,SP,29868,60,5.0,,,,All-Star,3,70.0,45.0,99.0,70.0
8181,Nolan McLean,SP,33703,55,12.0,,,,Regular,2,55.0,60.0,96.0,70.0
8188,Liam Doyle,SP,sa3030545,55,19.0,,,,Regular,2,70.0,45.0,98.0,60.0
8191,Noah Schultz,SP,sa3020949,55,22.0,,,,Regular,2,55.0,50.0,97.0,70.0
8192,Jarlin Susana,SP,sa3018808,55,23.0,,,,Regular,2,65.0,45.0,99.0,80.0
8187,Thomas White,SP,sa3023268,55,18.0,,,,Regular,2,60.0,40.0,97.0,70.0
8182,Andrew Painter,SP,sa3017880,55,13.0,,,,Regular,2,50.0,55.0,98.0,60.0
8221,Chase Petty,SP,30170,50,52.0,,,,Regular,2,60.0,50.0,97.0,50.0
8255,Brandon Clarke,SP,sa3067144,50,86.0,,,,Regular,2,60.0,40.0,98.0,80.0
8242,Khal Stephen,SP,sa3043049,50,73.0,,,,Regular,2,45.0,50.0,95.0,55.0
8253,Carson Whisenhunt,SP,31676,50,84.0,,,,Regular,2,45.0,45.0,94.0,80.0
8205,Luis Morales,SP,32227,50,36.0,,,,Regular,2,70.0,45.0,98.0,60.0
8234,Jurrangelo Cijntje,SP,sa3028930,50,65.0,,,,Regular,2,55.0,45.0,96.0,60.0
8237,Tyler Bremner,SP,sa3027644,50,68.0,,,,Regular,2,55.0,55.0,97.0,70.0
8204,Trey Yesavage,SP,35456,50,35.0,,,,Regular,2,55.0,50.0,95.0,60.0
8248,Rhett Lowder,SP,33876,50,79.0,,,,Regular,2,55.0,50.0,96.0,60.0
8220,Brandon Sproat,SP,33850,50,51.0,,,,Regular,2,60.0,50.0,98.0,60.0
8251,George Klassen,SP,sa3023440,50,82.0,,,,Regular,2,70.0,40.0,98.0,60.0
8260,Didier Fuentes,SP,30661,50,91.0,,,,Regular,2,70.0,60.0,96.0,50.0
8264,Moisés Chace,SP,sa3015346,50,95.0,,,,Regular,2,80.0,45.0,96.0,55.0
8259,Logan Henderson,SP,31475,50,90.0,,,,Regular,2,55.0,50.0,96.0,70.0
8263,Travis Sykora,SP,sa3023557,50,94.0,,,,Regular,2,60.0,55.0,98.0,60.0
8236,Kyson Witherspoon,SP,sa3045487,50,67.0,,,,Regular,2,60.0,45.0,98.0,60.0
8226,Gage Jump,SP,sa3034986,50,57.0,,,,Regular,2,60.0,50.0,95.0,50.0
8256,Tink Hence,SP,sa3014709,50,87.0,,,,Regular,2,45.0,55.0,97.0,70.0
8222,Trey Gibson,SP,sa3023250,50,53.0,,,,Regular,2,55.0,50.0,95.0,60.0
8219,Robby Snelling,SP,sa3020707,50,50.0,,,,Regular,2,45.0,55.0,94.0,50.0
8250,Hagen Smith,SP,sa3025544,50,81.0,,,,Regular,2,60.0,45.0,97.0,70.0
8202,Jonah Tong,SP,32157,50,33.0,,,,Regular,2,70.0,45.0,97.0,60.0
8203,Kade Anderson,SP,sa3026056,50,34.0,,,,Regular,2,70.0,45.0,95.0,60.0
8201,Parker Messick,SP,31986,50,32.0,,,,Regular,2,50.0,55.0,95.0,70.0
8257,River Ryan,SP,29514,50,88.0,,,,Regular,2,60.0,45.0,98.0,60.0
8227,Payton Tolle,SP,35466,50,58.0,,,,Regular,2,70.0,60.0,97.0,50.0
8235,Jaxon Wiggins,SP,sa3023635,50,66.0,,,,Regular,2,70.0,40.0,98.0,60.0
8233,Brody Hopkins,SP,sa3023515,50,64.0,,,,Regular,2,60.0,45.0,97.0,60.0
8261,Ricky Tiedemann,SP,sa3018096,50,92.0,,,,Regular,2,60.0,50.0,96.0,60.0
8254,Connor Prielipp,SP,sa3020808,50,85.0,,,,Regular,2,55.0,50.0,97.0,70.0
8262,Jake Bloss,SP,33168,50,93.0,,,,Regular,2,60.0,50.0,95.0,60.0
8249,Jackson Ferris,SP,sa3020891,50,80.0,,,,Regular,2,60.0,50.0,94.0,55.0
8252,Quinn Mathews,SP,sa3023407,50,83.0,,,,Regular,2,55.0,60.0,96.0,60.0
8407,Andrew Morris,SP,sa3020569,45,,,,,Part-Time,1,60.0,50.0,96.0,55.0
8324,Gary Gill Hill,SP,sa3020972,45,,,,,Part-Time,1,50.0,60.0,95.0,60.0
8367,Owen Hall,SP,sa3066594,45,,,,,Part-Time,1,60.0,45.0,94.0,60.0
8342,Jaden Hamm,SP,sa3023134,45,,,,,Part-Time,1,50.0,55.0,94.0,60.0
8317,Hurston Waldrep,SP,33527,45,,,,,Part-Time,1,45.0,45.0,97.0,55.0
8328,Bryce Mayer,SP,sa3025558,45,,,,,Part-Time,1,55.0,55.0,94.0,55.0
8323,Charlee Soto,SP,sa3023450,45,,,,,Part-Time,1,60.0,45.0,98.0,55.0
8339,Carson Palmquist,SP,31612,45,,,,,Part-Time,1,40.0,50.0,92.0,55.0
8463,Matt Wilkinson,SP,sa3023171,45,,,,,Part-Time,1,60.0,55.0,92.0,50.0
8436,Jackson Baumeister,SP,sa3023471,45,,,,,Part-Time,1,55.0,45.0,95.0,60.0
8384,Trevor McDonald,SP,26448,45,,,,,Part-Time,1,50.0,50.0,94.0,55.0
8351,Braylon Doughty,SP,sa3067030,45,,,,,Part-Time,1,50.0,60.0,94.0,70.0
8490,Tekoah Roby,RP,sa3014519,45,,,,,Part-Time,1,50.0,40.0,97.0,70.0
8333,Tanner McDougal,SP,sa3017471,45,,,,,Part-Time,1,70.0,40.0,98.0,60.0
8313,Sam Aldegheri,SP,26443,45,,,,,Part-Time,1,45.0,50.0,94.0,60.0
8440,Jedixson Paez,SP,sa3016264,45,,,,,Part-Time,1,35.0,70.0,92.0,60.0
8325,Noble Meyer,SP,sa3022945,45,,,,,Part-Time,1,60.0,40.0,95.0,60.0
8404,Chen-Wei Lin,SP,sa3022876,45,,,,,Part-Time,1,70.0,45.0,99.0,60.0
8517,Luis Perales,DH,sa3014677,45,,,,,Part-Time,1,65.0,40.0,98.0,0.0
8461,Cooper Hjerpe,SP,sa3020736,45,,,,,Part-Time,1,55.0,50.0,91.0,60.0
8521,Zach Fruit,SP,sa3023507,45,,,,,Part-Time,1,60.0,45.0,99.0,55.0
8335,Drue Hackenberg,SP,sa3023304,45,,,,,Part-Time,1,45.0,45.0,95.0,60.0
8386,Steven Echavarria,SP,sa3023560,45,,,,,Part-Time,1,55.0,50.0,94.0,60.0
8394,Robert Gasser,SP,29812,45,,,,,Part-Time,1,40.0,60.0,94.0,60.0
8348,Dasan Hill,SP,sa3067070,45,,,,,Part-Time,1,60.0,45.0,97.0,60.0
8414,Juan Valera,SP,sa3021570,45,,,,,Part-Time,1,65.0,50.0,99.0,60.0
8388,Nestor German,SP,sa3023517,45,,,,,Part-Time,1,50.0,50.0,95.0,55.0
8350,JR Ritchie,SP,sa3020395,45,,,,,Part-Time,1,45.0,45.0,95.0,60.0
8309,Kohl Drake,SP,sa3021723,45,,,,,Part-Time,1,60.0,60.0,95.0,55.0
8334,Mason Barnett,SP,31741,45,,,,,Part-Time,1,55.0,45.0,96.0,60.0
8330,Mitch Bratt,SP,sa3017719,45,,,,,Part-Time,1,45.0,70.0,93.0,50.0
8579,Luis De León,SP,sa3019283,45,,,,,Part-Time,1,60.0,40.0,96.0,70.0
8411,Braxton Bragg,SP,sa3023303,45,,,,,Part-Time,1,55.0,50.0,95.0,55.0
8382,Cristian Mena,SP,27974,45,,,,,Part-Time,1,45.0,60.0,94.0,60.0
8353,Marcus Phillips,SP,sa3039870,45,,,,,Part-Time,1,60.0,45.0,97.0,60.0
8551,Yohanfer Santana,SP,sa3022143,45,,,,,Part-Time,1,60.0,50.0,96.0,60.0
8316,Chase Hampton,SP,sa3020682,45,,,,,Part-Time,1,45.0,45.0,93.0,60.0
8280,Luinder Avila,SP,24452,45,,,,,Part-Time,1,55.0,45.0,96.0,60.0
8361,Gage Wood,SP,sa3045536,45,,,,,Part-Time,1,70.0,50.0,97.0,60.0
8292,Ben Kudrna,SP,sa3018253,45,,,,,Part-Time,1,45.0,50.0,95.0,55.0
8357,Cade Cavalli,SP,27473,45,,,,,Part-Time,1,50.0,50.0,97.0,55.0
8303,Hunter Barco,SP,33174,45,,,,,Part-Time,1,50.0,50.0,94.0,55.0
8354,Bishop Letson,SP,sa3023526,45,,,,,Part-Time,1,60.0,50.0,94.0,60.0
8381,Brandon Birdsell,SP,sa3020797,45,,,,,Part-Time,1,45.0,70.0,95.0,60.0
8284,Blade Tidwell,SP,31701,45,,,,,Part-Time,1,60.0,45.0,98.0,60.0
8294,Jamie Arnold,SP,sa3026225,45,,,,,Part-Time,1,55.0,45.0,95.0,60.0
8318,Jean Cabrera,SP,sa3015433,45,,,,,Part-Time,1,45.0,60.0,95.0,55.0
8341,David Davalillo,SP,sa3020448,45,,,,,Part-Time,1,50.0,55.0,95.0,60.0
8577,Marco Raya,RP,sa3014550,45,,,,,Part-Time,1,50.0,40.0,96.0,60.0
8495,Kevin Defrank,SP,sa3067574,45,,,,,Part-Time,1,65.0,45.0,99.0,50.0
8410,Joe Rock,SP,30016,45,,,,,Part-Time,1,45.0,60.0,94.0,55.0
8497,JD Thompson,SP,sa3043764,45,,,,,Part-Time,1,60.0,50.0,94.0,55.0
8387,Lucas Braun,SP,sa3022996,45,,,,,Part-Time,1,45.0,60.0,94.0,55.0
8438,Keyner Benitez,SP,sa3021795,45,,,,,Part-Time,1,50.0,45.0,95.0,70.0
8460,Kendry Rojas,SP,sa3016746,45,,,,,Part-Time,1,60.0,50.0,95.0,55.0
8606,Jose Olivares,SP,sa3016267,45,,,,,Part-Time,1,60.0,40.0,96.0,60.0
8550,Wellington Aracena,DH,sa3019265,45,,,,,Part-Time,1,70.0,35.0,99.0,60.0
8275,Owen Murphy,SP,sa3020330,45,,,,,Part-Time,1,55.0,55.0,92.0,60.0
8277,Brody Brecht,SP,sa3027632,45,,,,,Part-Time,1,60.0,40.0,98.0,80.0
8366,Winston Santos,SP,sa3015952,45,,,,,Part-Time,1,60.0,60.0,97.0,50.0
8464,Yoniel Curet,SP,sa3015446,45,,,,,Part-Time,1,60.0,45.0,98.0,60.0
8549,Santiago Suarez,SP,sa3019386,45,,,,,Part-Time,1,60.0,60.0,96.0,50.0
8272,Miguel Mendez,SP,sa3015506,45,,,,,Part-Time,1,65.0,40.0,99.0,60.0
8282,Humberto Cruz,SP,sa3025115,45,,,,,Part-Time,1,45.0,55.0,93.0,60.0
8380,Jake Bennett,SP,sa3020737,45,,,,,Part-Time,1,45.0,60.0,94.0,55.0
8278,Alejandro Rosario,SP,sa3023538,45,,,,,Part-Time,1,60.0,50.0,97.0,60.0
8299,Kash Mayfield,SP,sa3067104,45,,,,,Part-Time,1,50.0,45.0,93.0,70.0
8468,Josh Knoth,SP,sa3023420,45,,,,,Part-Time,1,60.0,50.0,96.0,60.0
8547,Mick Abel,SP,27756,45,,,,,Part-Time,1,55.0,45.0,97.0,60.0
8314,Gunnar Hoglund,SP,31318,45,,,,,Part-Time,1,55.0,60.0,93.0,55.0
8321,Jose Corniell,SP,27984,45,,,,,Part-Time,1,50.0,55.0,95.0,55.0
8269,Cam Caminiti,SP,sa3025607,45,,,,,Part-Time,1,55.0,45.0,96.0,60.0
8340,Thomas Harrington,SP,31989,45,,,,,Part-Time,1,45.0,60.0,94.0,60.0
8274,Trey Gregory-Alford,SP,sa3067313,45,,,,,Part-Time,1,70.0,45.0,99.0,55.0
8320,McCade Brown,SP,30004,45,,,,,Part-Time,1,60.0,45.0,97.0,55.0
8281,Elmer Rodriguez-Cruz,SP,sa3019459,45,,,,,Part-Time,1,55.0,45.0,96.0,55.0
8432,C.J. Culpepper,SP,sa3020563,45,,,,,Part-Time,1,45.0,60.0,96.0,60.0
8522,Adrian  Pena,SP,sa3068110,45,,,,,Part-Time,1,70.0,45.0,97.0,60.0
8433,Pete Hansen,SP,sa3020798,45,,,,,Part-Time,1,35.0,60.0,91.0,55.0
8362,Dax Fulton,SP,sa3014535,45,,,,,Part-Time,1,50.0,55.0,96.0,55.0
8431,Hunter Cranton,DH,sa3025298,45,,,,,Part-Time,1,65.0,40.0,99.0,45.0
8326,Connelly Early,RP,33666,45,,,,,Part-Time,1,50.0,45.0,94.0,60.0
8349,Adam Serwinowski,SP,sa3020626,45,,,,,Part-Time,1,60.0,45.0,95.0,60.0
8434,Christian Zazueta,SP,sa3018867,45,,,,,Part-Time,1,55.0,60.0,95.0,55.0
8403,Ryan Sloan,SP,sa3067131,45,,,,,Part-Time,1,55.0,55.0,97.0,60.0
8955,Micah Bucknam,SP,sa3027969,40,,,,,Bench,0,50.0,40.0,94.0,70.0
9193,Janero Miller,DH,sa3021077,40,,,,,Bench,0,60.0,40.0,94.0,60.0
8563,Craig Yoho,DH,33248,40,,,,,Bench,0,50.0,40.0,94.0,70.0
8789,Clayton Beeter,DH,27494,40,,,,,Bench,0,70.0,30.0,96.0,70.0
8613,Karson Milbrandt,RP,sa3020659,40,,,,,Bench,0,60.0,40.0,97.0,60.0
8803,Carlos Rodriguez,SP,30161,40,,,,,Bench,0,40.0,50.0,93.0,55.0
8670,Josh Ekness,DH,sa3023204,40,,,,,Bench,0,70.0,40.0,98.0,55.0
8854,Adam Mazur,SP,31900,40,,,,,Bench,0,45.0,50.0,96.0,50.0
8616,Bryce Meccage,SP,sa3067069,40,,,,,Bench,0,55.0,50.0,96.0,60.0
8882,Nate Payne,SP,sa3067390,40,,,,,Bench,0,45.0,45.0,93.0,60.0
9187,Jack Hostetler,DH,sa3065768,40,,,,,Bench,0,60.0,40.0,96.0,60.0
8940,Joey Volini,SP,sa3044555,40,,,,,Bench,0,45.0,55.0,92.0,55.0
8995,Tate Kuehner,RP,sa3023099,40,,,,,Bench,0,55.0,40.0,95.0,55.0
9164,Ryan Birchard,RP,sa3023449,40,,,,,Bench,0,50.0,40.0,95.0,55.0
9138,Yerlin Rodriguez,DH,sa3015362,40,,,,,Bench,0,60.0,40.0,97.0,65.0
9112,Darren Bowen,DH,sa3020945,40,,,,,Bench,0,50.0,60.0,95.0,55.0
8838,Adrian  Bohorquez,SP,sa3021501,40,,,,,Bench,0,60.0,40.0,96.0,70.0
8673,Tyson Hardin,SP,sa3025574,40,,,,,Bench,0,50.0,60.0,94.0,55.0
9166,Cole Peschl,SP,sa3039760,40,,,,,Bench,0,40.0,50.0,92.0,60.0
8592,Johnny King,SP,sa3067123,40,,,,,Bench,0,55.0,50.0,94.0,55.0
9119,Zander Mueth,DH,sa3023569,40,,,,,Bench,0,60.0,40.0,96.0,55.0
8483,Caden Scarborough,SP,sa3025060,40,,,,,Bench,0,60.0,45.0,95.0,60.0
8666,Kyle Hurt,RP,27514,40,,,,,Bench,0,60.0,40.0,97.0,70.0
8958,Ryan Gallagher,SP,sa3031857,40,,,,,Bench,0,45.0,45.0,93.0,60.0
8506,Connor Phillips,RP,27649,40,,,,,Bench,0,60.0,35.0,98.0,70.0
9087,Kyle Bischoff,DH,sa3022176,40,,,,,Bench,0,55.0,45.0,96.0,60.0
8821,Dylan Ross,DH,sa3025659,40,,,,,Bench,0,65.0,30.0,99.0,45.0
8848,Felipe De La Cruz,DH,sa3016065,40,,,,,Bench,0,55.0,30.0,96.0,60.0
8930,Pierson Ohl,SP,30179,40,,,,,Bench,0,35.0,70.0,92.0,60.0
8900,Travis Adams,SP,30180,40,,,,,Bench,0,50.0,50.0,96.0,55.0
8477,Jonathan Pintaro,DH,33980,40,,,,,Bench,0,60.0,45.0,97.0,55.0
8569,Jack Wenninger,SP,sa3023282,40,,,,,Bench,0,50.0,60.0,94.0,60.0
9140,James Ellwanger,SP,sa3030911,40,,,,,Bench,0,60.0,35.0,97.0,60.0
8636,Riley Quick,SP,sa3040326,40,,,,,Bench,0,60.0,45.0,97.0,60.0
8598,Justin Hagenman,SP,21546,40,,,,,Bench,0,40.0,60.0,93.0,50.0
8486,Adam Macko,RP,sa3011555,40,,,,,Bench,0,50.0,45.0,94.0,55.0
8824,Carson Coleman,DH,sa3014857,40,,,,,Bench,0,70.0,35.0,97.0,40.0
9167,Garrett McDaniels,DH,31751,40,,,,,Bench,0,50.0,45.0,94.0,60.0
9090,Franco Aleman,DH,sa3018178,40,,,,,Bench,0,60.0,50.0,97.0,60.0
8730,Marcelo Perez,SP,sa3020889,40,,,,,Bench,0,40.0,50.0,94.0,60.0
8718,Yosber Sanchez,DH,sa3011636,40,,,,,Bench,0,60.0,40.0,98.0,60.0
8514,Jairo Iriarte,SP,26907,40,,,,,Bench,0,40.0,50.0,94.0,55.0
8711,Hancel Rincon,SP,sa3009629,40,,,,,Bench,0,40.0,55.0,94.0,60.0
8508,Blake Burkhalter,DH,sa3020382,40,,,,,Bench,0,60.0,40.0,96.0,50.0
8603,Seth Johnson,DH,26020,40,,,,,Bench,0,50.0,30.0,96.0,50.0
8845,Ben Peoples,DH,sa3011784,40,,,,,Bench,0,60.0,40.0,96.0,55.0
8903,Jared Johnson,DH,sa3011626,40,,,,,Bench,0,55.0,40.0,97.0,60.0
8543,Brock Selvidge,SP,sa3017950,40,,,,,Bench,0,40.0,50.0,94.0,60.0
8874,Eric Adler,DH,sa3020592,40,,,,,Bench,0,60.0,30.0,96.0,70.0
8877,Jonathan Santucci,DH,sa3041559,40,,,,,Bench,0,55.0,40.0,95.0,60.0
8372,Ben Hess,SP,sa3033725,40,,,,,Bench,0,50.0,45.0,96.0,60.0
8346,Bryce Cunningham,SP,sa3029687,40,,,,,Bench,0,50.0,50.0,95.0,60.0
8626,Chalniel Arias,SP,sa3019370,40,,,,,Bench,0,55.0,40.0,96.0,50.0
8399,Carlos Lagrange,DH,sa3019390,40,,,,,Bench,0,70.0,30.0,98.0,60.0
8504,Will Watson,RP,sa3025592,40,,,,,Bench,0,55.0,40.0,96.0,60.0
8904,Ryan Lambert,DH,sa3025613,40,,,,,Bench,0,65.0,35.0,97.0,55.0
8742,Thatcher Hurd,RP,sa3034340,40,,,,,Bench,0,45.0,40.0,95.0,60.0
8729,David Matoma,SP,sa3021761,40,,,,,Bench,0,70.0,40.0,98.0,50.0
8744,Wen-Hui Pan,DH,sa3020878,40,,,,,Bench,0,60.0,40.0,98.0,50.0
8628,Michael Mercado,RP,23223,40,,,,,Bench,0,55.0,40.0,97.0,60.0
8425,Alex McFarlane,DH,sa3020633,40,,,,,Bench,0,60.0,40.0,98.0,60.0
8657,Eiberson Castellano,DH,sa3015414,40,,,,,Bench,0,55.0,40.0,95.0,60.0
8644,Carlson Reed,RP,sa3022793,40,,,,,Bench,0,50.0,40.0,95.0,70.0
8713,Michael Arias,RP,sa3017036,40,,,,,Bench,0,60.0,30.0,97.0,60.0
8715,Andrew Baker,DH,sa3017196,40,,,,,Bench,0,70.0,30.0,99.0,60.0
8969,Anthony Solometo,SP,sa3018259,40,,,,,Bench,0,40.0,60.0,91.0,50.0
8423,Henry Lalane,SP,sa3016066,40,,,,,Bench,0,45.0,50.0,94.0,60.0
8601,Sabier Marte,SP,sa3019431,40,,,,,Bench,0,45.0,50.0,94.0,55.0
8772,Cade Obermueller,SP,sa3038991,40,,,,,Bench,0,50.0,50.0,93.0,55.0
8700,Jeter Martinez,SP,sa3021738,40,,,,,Bench,0,60.0,40.0,97.0,60.0
8605,Omar Cruz,DH,23875,40,,,,,Bench,0,45.0,40.0,94.0,60.0
8402,Bradgley Rodriguez,DH,29107,40,,,,,Bench,0,60.0,35.0,98.0,65.0
8458,Isaiah Lowe,SP,sa3020864,40,,,,,Bench,0,45.0,55.0,95.0,55.0
8913,Levi Sterling,SP,sa3066664,40,,,,,Bench,0,50.0,55.0,93.0,55.0
9146,Reinold Navarro,DH,sa3024459,40,,,,,Bench,0,70.0,30.0,96.0,60.0
8373,Kruz Schoolcraft,SP,sa3069203,40,,,,,Bench,0,50.0,60.0,96.0,60.0
8418,Joe Whitman,SP,sa3023131,40,,,,,Bench,0,50.0,50.0,94.0,55.0
8734,Jack Choate,RP,sa3020407,40,,,,,Bench,0,30.0,50.0,89.0,60.0
8873,Trent Harris,DH,sa3022526,40,,,,,Bench,0,55.0,50.0,96.0,60.0
8869,Teddy McGraw,RP,sa3025220,40,,,,,Bench,0,55.0,40.0,95.0,60.0
8581,Reggie Crawford,DH,sa3020457,40,,,,,Bench,0,70.0,30.0,98.0,70.0
8790,Liam Simon,DH,sa3020256,40,,,,,Bench,0,65.0,35.0,97.0,60.0
8762,Gerelmi Maldonado,DH,sa3016018,40,,,,,Bench,0,70.0,35.0,100.0,50.0
8844,Mason Black,DH,30171,40,,,,,Bench,0,45.0,50.0,94.0,60.0
8901,Luis De La Torre,DH,sa3022880,40,,,,,Bench,0,65.0,45.0,96.0,45.0
8817,Jacob Bresnahan,SP,sa3023066,40,,,,,Bench,0,60.0,40.0,93.0,55.0
8555,Hunter Dryden,SP,sa3067105,40,,,,,Bench,0,60.0,45.0,96.0,55.0
8849,Brycen Mautz,SP,sa3020710,40,,,,,Bench,0,45.0,55.0,94.0,55.0
9268,Evan Reifert,DH,sa3014860,40,,,,,Bench,0,50.0,30.0,96.0,80.0
8795,Kevin Abel,RP,sa3017879,40,,,,,Bench,0,50.0,40.0,92.0,60.0
9091,Drew Dowd,SP,sa3023509,40,,,,,Bench,0,40.0,50.0,92.0,70.0
9286,Jackson Lancaster,DH,sa3021468,40,,,,,Bench,0,45.0,50.0,93.0,70.0
8741,Jose Davila,SP,sa3015092,40,,,,,Bench,0,40.0,55.0,96.0,55.0
8665,Sem Robberse,RP,sa3011735,40,,,,,Bench,0,45.0,55.0,92.0,60.0
9033,Yordy Herrera,DH,sa3019643,40,,,,,Bench,0,55.0,40.0,93.0,60.0
9060,Leonel Sequera,SP,sa3019268,40,,,,,Bench,0,45.0,60.0,94.0,55.0
9009,Skylar Hales,DH,sa3022739,40,,,,,Bench,0,60.0,40.0,97.0,60.0
8842,Yu-Min Lin,SP,sa3019278,40,,,,,Bench,0,40.0,45.0,92.0,55.0
8937,Cade Kuehler,DH,sa3023306,40,,,,,Bench,0,55.0,40.0,92.0,60.0
8714,Davis Polo,SP,sa3019637,40,,,,,Bench,0,45.0,60.0,94.0,60.0
8683,Brady Basso,SP,25582,40,,,,,Bench,0,40.0,55.0,94.0,60.0
8739,Carlos Duran,DH,24458,40,,,,,Bench,0,60.0,40.0,97.0,60.0
8984,Juan Burgos,RP,27271,40,,,,,Bench,0,55.0,50.0,96.0,55.0
8846,Anthony Maldonado,DH,26034,40,,,,,Bench,0,40.0,55.0,94.0,70.0
8712,Will Johnston,SP,sa3022940,40,,,,,Bench,0,50.0,50.0,92.0,50.0
8686,Carter Holton,SP,sa3025599,40,,,,,Bench,0,45.0,40.0,94.0,60.0
8449,Kade Morris,RP,sa3023206,40,,,,,Bench,0,50.0,50.0,94.0,55.0
9113,Jacob Steinmetz,SP,sa3017976,40,,,,,Bench,0,45.0,50.0,94.0,60.0
8907,Jhancarlos  Lara,DH,sa3019367,40,,,,,Bench,0,60.0,35.0,99.0,70.0
8582,Yordin Chalas,SP,sa3021508,40,,,,,Bench,0,70.0,40.0,98.0,60.0
8743,Ethan Bagwell,SP,sa3025661,40,,,,,Bench,0,50.0,45.0,93.0,60.0
8602,Brett Sears,SP,sa3041892,40,,,,,Bench,0,45.0,55.0,,50.0
8530,Wei-En Lin,SP,sa3067072,40,,,,,Bench,0,50.0,50.0,93.0,60.0
8964,Landon Beidelschies,SP,sa3026885,40,,,,,Bench,0,45.0,50.0,93.0,55.0
9233,Keeler Morfe,SP,sa3022239,40,,,,,Bench,0,65.0,35.0,98.0,55.0
9252,Kiefer Lord,DH,sa3023135,40,,,,,Bench,0,70.0,40.0,95.0,60.0
9302,Kade Strowd,DH,26191,40,,,,,Bench,0,60.0,30.0,97.0,55.0
9092,Trace Bright,SP,sa3020558,40,,,,,Bench,0,50.0,45.0,95.0,70.0
8981,Anthony Nunez,DH,sa3010171,40,,,,,Bench,0,45.0,60.0,94.0,70.0
8880,Rolddy Muñoz,DH,27407,40,,,,,Bench,0,50.0,40.0,99.0,70.0
8896,Chayce McDermott,SP,29866,40,,,,,Bench,0,60.0,40.0,95.0,60.0
8727,Juan Nuñez,SP,sa3015464,40,,,,,Bench,0,55.0,40.0,95.0,60.0
8926,Levi Wells,DH,sa3023441,40,,,,,Bench,0,65.0,40.0,97.0,70.0
9170,Juaron Watts-Brown,RP,sa3023352,40,,,,,Bench,0,40.0,40.0,95.0,60.0
9315,Raimon Gomez,DH,sa3017645,40,,,,,Bench,0,80.0,20.0,103.0,60.0
9012,Michael Forret,RP,sa3023479,40,,,,,Bench,0,45.0,40.0,95.0,60.0
8771,Luis Arestigueta,SP,sa3021521,40,,,,,Bench,0,45.0,55.0,92.0,55.0
8954,Esteban Mejia,SP,sa3024583,40,,,,,Bench,0,70.0,45.0,97.0,55.0
8534,Raudy Reyes,DH,sa3066459,40,,,,,Bench,0,70.0,40.0,99.0,60.0
8648,Brody McCullough,SP,sa3020599,40,,,,,Bench,0,50.0,60.0,94.0,50.0
8443,Jack Neely,DH,30106,40,,,,,Bench,0,60.0,40.0,97.0,70.0
8617,David Sandlin,DH,sa3020606,40,,,,,Bench,0,65.0,45.0,98.0,45.0
8788,Zac Leigh,DH,sa3017873,40,,,,,Bench,0,55.0,40.0,95.0,60.0
8859,Blake Wehunt,RP,sa3023220,40,,,,,Bench,0,55.0,50.0,96.0,55.0
8470,Nazier Mulé,DH,sa3023566,40,,,,,Bench,0,70.0,35.0,97.0,70.0
8996,Tyler Uberstine,RP,sa3017643,40,,,,,Bench,0,45.0,50.0,94.0,55.0
8396,Aldrin Batista,SP,sa3019119,40,,,,,Bench,0,50.0,55.0,94.0,55.0
8776,Conrad Cason,SP,sa3067316,40,,,,,Bench,0,60.0,55.0,96.0,45.0
8832,John Holobetz,SP,sa3034016,40,,,,,Bench,0,45.0,60.0,95.0,55.0
8646,Sadbiel Delzine,SP,sa3068089,40,,,,,Bench,0,60.0,50.0,96.0,60.0
8420,Christian Oppor,RP,sa3022950,40,,,,,Bench,0,55.0,40.0,96.0,60.0
8990,Caden Favors,DH,sa3025446,40,,,,,Bench,0,55.0,50.0,94.0,60.0
8475,Tyler Schweitzer,SP,sa3020712,40,,,,,Bench,0,60.0,50.0,95.0,50.0
8639,Austin Peterson,SP,sa3020868,40,,,,,Bench,0,40.0,70.0,92.0,55.0
8827,Chase Mobley,SP,sa3067542,40,,,,,Bench,0,60.0,40.0,96.0,60.0
8707,Ky Bush,SP,29823,40,,,,,Bench,0,40.0,45.0,94.0,55.0
8932,Peyton Pallette,DH,sa3020742,40,,,,,Bench,0,45.0,45.0,96.0,60.0
8754,Andrew Walters,DH,33834,40,,,,,Bench,0,70.0,30.0,98.0,60.0
8736,Wikelman González,RP,26641,40,,,,,Bench,0,55.0,40.0,95.0,60.0
8479,Zach Maxwell,DH,31610,40,,,,,Bench,0,70.0,35.0,99.0,70.0
8654,Jose Acuna,SP,sa3015331,40,,,,,Bench,0,45.0,60.0,94.0,50.0
8684,Julian Aguiar,SP,30031,40,,,,,Bench,0,50.0,55.0,95.0,55.0
8680,Mason Adams,SP,sa3020388,40,,,,,Bench,0,40.0,60.0,93.0,50.0
8850,Luke Hayden,RP,sa3025504,40,,,,,Bench,0,55.0,40.0,96.0,60.0
8541,Duncan Davitt,SP,sa3020394,40,,,,,Bench,0,40.0,70.0,93.0,50.0
8902,Pierce George,DH,sa3025520,40,,,,,Bench,0,70.0,30.0,99.0,60.0
8740,Luke Holman,SP,sa3034003,40,,,,,Bench,0,40.0,55.0,94.0,60.0
9116,Matt Jachec,RP,sa3022906,40,,,,,Bench,0,45.0,60.0,92.0,70.0
8688,Gabriel Hughes,SP,sa3020661,40,,,,,Bench,0,45.0,50.0,95.0,55.0
8509,Jordy Vargas,SP,sa3016052,40,,,,,Bench,0,50.0,55.0,96.0,60.0
9142,Yorman Gómez,DH,sa3015931,40,,,,,Bench,0,60.0,40.0,96.0,55.0
8881,Josh Hartle,SP,sa3025623,40,,,,,Bench,0,30.0,60.0,93.0,55.0
8965,Jackson  Humphries,RP,sa3021729,40,,,,,Bench,0,45.0,40.0,94.0,60.0
8773,Jack Mahoney,SP,sa3023157,40,,,,,Bench,0,45.0,55.0,94.0,50.0
8745,Griffin Herring,SP,sa3033707,40,,,,,Bench,0,45.0,55.0,92.0,55.0
8784,Joey Oakie,SP,sa3067418,40,,,,,Bench,0,55.0,40.0,94.0,55.0
8993,Luichi Casilla,DH,sa3018332,40,,,,,Bench,0,60.0,40.0,98.0,60.0
8800,JB Middleton,RP,sa3037985,40,,,,,Bench,0,50.0,50.0,95.0,60.0
8540,Blake Wolters,SP,sa3023513,40,,,,,Bench,0,55.0,40.0,94.0,50.0
8574,Jake Miller,RP,sa3020408,40,,,,,Bench,0,50.0,50.0,95.0,60.0
8395,AJ Blubaugh,RP,31764,40,,,,,Bench,0,55.0,40.0,95.0,55.0
8630,Ty Madden,SP,30140,40,,,,,Bench,0,45.0,45.0,95.0,55.0
8676,Alonzo Tredwell,RP,sa3023524,40,,,,,Bench,0,55.0,40.0,93.0,55.0
8775,Joseph Montalvo,SP,sa3018802,40,,,,,Bench,0,45.0,55.0,94.0,55.0
8594,Jackson Nezuh,SP,sa3023411,40,,,,,Bench,0,50.0,50.0,93.0,40.0
8442,Alimber Santa,RP,sa3015478,40,,,,,Bench,0,60.0,40.0,98.0,60.0
8857,RJ Petit,DH,sa3017848,40,,,,,Bench,0,50.0,40.0,97.0,55.0
8679,Drew Beam,SP,sa3026785,40,,,,,Bench,0,55.0,50.0,97.0,50.0
8469,Miguel Ullola,DH,sa3016504,40,,,,,Bench,0,70.0,35.0,96.0,55.0
8538,Tyler Mattison,DH,sa3018117,40,,,,,Bench,0,60.0,40.0,96.0,60.0
8344,Felix Arronde,SP,sa3016526,40,,,,,Bench,0,50.0,50.0,95.0,70.0
8604,Ethan Schiefelbein,SP,sa3066595,40,,,,,Bench,0,45.0,60.0,92.0,55.0
8596,David Shields,SP,sa3067433,40,,,,,Bench,0,40.0,60.0,92.0,60.0
8618,Anderson Brito,DH,sa3024232,40,,,,,Bench,0,60.0,50.0,97.0,60.0
8659,Ben Jacobs,SP,sa3034527,40,,,,,Bench,0,45.0,45.0,94.0,60.0
8886,Michael Massey,DH,sa3037259,40,,,,,Bench,0,40.0,40.0,94.0,60.0
8791,Yeri Perez,DH,sa3019566,40,,,,,Bench,0,65.0,35.0,96.0,60.0
8879,Jared Karros,SP,sa3020859,40,,,,,Bench,0,40.0,60.0,94.0,55.0
8513,Steven Zobac,SP,sa3020875,40,,,,,Bench,0,60.0,55.0,95.0,55.0
8763,Josh Hansell,DH,sa3023158,40,,,,,Bench,0,60.0,40.0,94.0,70.0
8345,Samy Natera Jr.,DH,sa3020862,40,,,,,Bench,0,55.0,40.0,95.0,60.0
8876,Camden Minacci,DH,sa3022728,40,,,,,Bench,0,55.0,40.0,96.0,60.0
8906,Najer Victor,DH,sa3025330,40,,,,,Bench,0,60.0,40.0,97.0,60.0
8447,Chris Cortez,DH,sa3029417,40,,,,,Bench,0,65.0,40.0,99.0,60.0
8753,Brady Smith,SP,sa3067255,40,,,,,Bench,0,60.0,50.0,93.0,60.0
8963,Jakob Wright,RP,sa3045618,40,,,,,Bench,0,60.0,40.0,96.0,60.0
9141,Cam Leiter,SP,sa3036203,40,,,,,Bench,0,60.0,40.0,97.0,55.0
8793,Chase Shores,DH,sa3042212,40,,,,,Bench,0,60.0,50.0,98.0,55.0
8476,Ryan Johnson,RP,35325,40,,,,,Bench,0,50.0,60.0,94.0,55.0
8687,Christian McGowan,DH,sa3017896,40,,,,,Bench,0,55.0,40.0,96.0,60.0
9339,Micah Ashman,RP,sa3025559,40,,,,,Bench,0,45.0,50.0,94.0,60.0
8908,Zach Root,SP,sa3041130,40,,,,,Bench,0,35.0,60.0,93.0,60.0
9016,Hayden Mullins,DH,sa3023218,40,,,,,Bench,0,55.0,40.0,94.0,60.0
9064,Patrick Reilly,SP,sa3023038,40,,,,,Bench,0,60.0,40.0,94.0,50.0
9232,Aiden May,RP,sa3037366,40,,,,,Bench,0,40.0,45.0,96.0,60.0
8823,Austin Love,DH,sa3017609,40,,,,,Bench,0,50.0,50.0,95.0,70.0
8724,Patrick Copen,DH,sa3023283,40,,,,,Bench,0,65.0,40.0,99.0,60.0
8647,Michael Knorr,DH,sa3020872,40,,,,,Bench,0,55.0,50.0,97.0,55.0
8545,Andrew Moore,DH,sa3016795,40,,,,,Bench,0,60.0,40.0,95.0,55.0
8936,Peter Heubeck,DH,sa3017936,40,,,,,Bench,0,60.0,30.0,95.0,60.0
8533,Nick Frasso,SP,sa3014492,40,,,,,Bench,0,50.0,50.0,95.0,60.0
8556,Anyer Laureano,DH,sa3019123,40,,,,,Bench,0,70.0,40.0,99.0,55.0
9114,Marlon Nieves,SP,sa3021567,40,,,,,Bench,0,60.0,40.0,97.0,70.0
8728,Eiver Mosquera,SP,sa3068767,40,,,,,Bench,0,60.0,45.0,97.0,70.0
8822,Jose Franco,DH,sa3008714,40,,,,,Bench,0,60.0,40.0,96.0,55.0
8669,Cameron Weston,SP,sa3020528,40,,,,,Bench,0,50.0,50.0,94.0,50.0
8645,Coleman Crow,SP,sa3015142,40,,,,,Bench,0,45.0,50.0,93.0,60.0
8595,Connor Noland,SP,sa3020834,40,,,,,Bench,0,30.0,55.0,92.0,60.0
8702,Michael Morales,SP,sa3017783,40,,,,,Bench,0,35.0,60.0,93.0,55.0
8561,Emiliano Teodo,DH,sa3015158,40,,,,,Bench,0,60.0,40.0,98.0,65.0
9086,Caden Grice,SP,sa3023166,40,,,,,Bench,0,40.0,55.0,92.0,60.0
8671,Khristian Curtis,RP,sa3023473,40,,,,,Bench,0,55.0,40.0,96.0,60.0
8816,Jarold Rosado,DH,sa3016502,40,,,,,Bench,0,55.0,45.0,97.0,60.0
9327,Tyson Neighbors,DH,sa3025569,40,,,,,Bench,0,50.0,40.0,95.0,70.0
8370,Barrett Kent,SP,sa3023082,40,,,,,Bench,0,50.0,45.0,95.0,60.0
8532,Ixan Henderson,SP,sa3022953,40,,,,,Bench,0,60.0,50.0,95.0,50.0
8580,Brett Wichrowski,SP,sa3023366,40,,,,,Bench,0,60.0,45.0,96.0,60.0
8696,Jose Rodriguez,RP,sa3015437,40,,,,,Bench,0,45.0,40.0,96.0,70.0
8868,Dahian  Santos,RP,sa3015282,40,,,,,Bench,0,45.0,40.0,93.0,60.0
8941,Yujanyer Herrera,DH,sa3015370,40,,,,,Bench,0,60.0,40.0,95.0,60.0
8888,Yordanny Monegro,DH,sa3015476,40,,,,,Bench,0,55.0,45.0,95.0,55.0
9301,Austin Vernon,DH,sa3017138,40,,,,,Bench,0,55.0,35.0,96.0,60.0
8586,Ty Johnson,SP,sa3023410,40,,,,,Bench,0,60.0,45.0,95.0,60.0
8735,Tyson Guerrero,DH,sa3017140,40,,,,,Bench,0,55.0,50.0,93.0,60.0
8553,Ashton Izzi,SP,sa3022230,40,,,,,Bench,0,55.0,50.0,95.0,55.0
8502,Yunior Marte,SP,sa3018367,40,,,,,Bench,0,55.0,45.0,95.0,60.0
8826,Royber Salinas,RP,sa3009243,40,,,,,Bench,0,55.0,40.0,95.0,60.0
8421,Joel Hurtado,DH,sa3019774,40,,,,,Bench,0,65.0,40.0,97.0,60.0
8672,Izack Tiger,DH,sa3022875,40,,,,,Bench,0,65.0,45.0,97.0,60.0
8746,Kelvis Salcedo,SP,sa3021531,40,,,,,Bench,0,,45.0,96.0,60.0
8537,Welinton Herrera,DH,sa3016061,40,,,,,Bench,0,70.0,40.0,96.0,50.0
8503,Walbert Urena,DH,sa3018298,40,,,,,Bench,0,60.0,30.0,99.0,55.0
8567,Hiro Wyatt,SP,sa3023613,40,,,,,Bench,0,50.0,55.0,95.0,55.0
8531,Mason Morris,RP,sa3038414,40,,,,,Bench,0,60.0,50.0,97.0,60.0
9188,Listher Sosa,DH,sa3009725,40,,,,,Bench,0,60.0,40.0,97.0,60.0
8575,Francis Pena,DH,sa3019374,40,,,,,Bench,0,55.0,40.0,98.0,0.0
9089,Luis Carias,SP,sa3021006,40,,,,,Bench,0,60.0,50.0,96.0,60.0
8612,Jose Urbina,SP,sa3022218,40,,,,,Bench,0,60.0,45.0,97.0,60.0
8488,Bryan Balzer,SP,sa3025047,40,,,,,Bench,0,55.0,45.0,97.0,60.0
8623,Dylan Jordan,SP,sa3067384,40,,,,,Bench,0,55.0,50.0,94.0,60.0
8661,Jagger Haynes,RP,sa3020876,40,,,,,Bench,0,50.0,40.0,95.0,55.0
8722,Yilber Díaz,DH,29271,40,,,,,Bench,0,65.0,40.0,96.0,60.0
8796,Andre Granillo,DH,29542,40,,,,,Bench,0,45.0,40.0,96.0,60.0
8839,Dylan Lesko,SP,sa3020677,40,,,,,Bench,0,60.0,30.0,96.0,70.0
8416,Ethan Pecko,SP,sa3022997,40,,,,,Bench,0,70.0,50.0,96.0,55.0
9010,Sterling Patick,RP,sa3024981,40,,,,,Bench,0,55.0,45.0,96.0,55.0
8624,Dom Hamel,RP,30153,40,,,,,Bench,0,55.0,40.0,93.0,55.0
8933,Douglas Orellana,DH,sa3016817,40,,,,,Bench,0,55.0,40.0,96.0,60.0
8801,Enrique Segura,SP,sa3019147,40,,,,,Bench,0,45.0,55.0,93.0,55.0
9061,Hyun-Seok Jang,SP,sa3023601,40,,,,,Bench,0,55.0,40.0,98.0,60.0
8756,Chase Allsup,SP,sa3025950,40,,,,,Bench,0,60.0,45.0,96.0,50.0
8757,Kifraidy Encarnacion,DH,sa3024081,40,,,,,Bench,0,70.0,40.0,99.0,60.0
8783,Oliver Gonzalez,SP,sa3024789,40,,,,,Bench,0,60.0,45.0,83.0,60.0
8989,Aidan Foeller,SP,sa3025616,40,,,,,Bench,0,70.0,40.0,96.0,45.0
9230,Santiago Castellanos,SP,sa3068480,40,,,,,Bench,0,55.0,45.0,95.0,55.0
8870,Spencer Giesting,RP,sa3020402,40,,,,,Bench,0,50.0,50.0,92.0,60.0
8620,Carson Ragsdale,SP,27508,40,,,,,Bench,0,50.0,55.0,95.0,60.0
8767,Cole Miller,SP,sa3067552,40,,,,,Bench,0,50.0,50.0,93.0,60.0
8674,Anthony Eyanson,SP,sa3031104,40,,,,,Bench,0,45.0,50.0,96.0,70.0
8878,Cade Crossland,SP,sa3058955,40,,,,,Bench,0,50.0,45.0,95.0,55.0
9037,Joseph Dzierwa,SP,sa3030726,40,,,,,Bench,0,40.0,55.0,93.0,60.0
8915,Malachi Witherspoon,DH,sa3045488,40,,,,,Bench,0,60.0,40.0,97.0,60.0
8818,Michael Lombardi,DH,sa3036476,40,,,,,Bench,0,60.0,45.0,95.0,60.0
8368,Ryan Forcucci,SP,sa3031539,40,,,,,Bench,0,55.0,50.0,95.0,60.0
8710,Ty Floyd,SP,sa3031488,40,,,,,Bench,0,50.0,50.0,93.0,55.0
8481,Garrett Baumann,SP,sa3023310,40,,,,,Bench,0,45.0,60.0,95.0,60.0
9144,Boston Bateman,SP,sa3067145,40,,,,,Bench,0,50.0,55.0,96.0,60.0
8655,Luke Sinnard,SP,sa3042362,40,,,,,Bench,0,50.0,40.0,94.0,55.0
8653,Shotaro Morii,DH,sa3067343,40,,,,,Bench,0,,,,0.0
9032,Brian Curley,DH,sa3029705,40,,,,,Bench,0,60.0,40.0,96.0,55.0
8478,Braden Nett,RP,sa3020336,40,,,,,Bench,0,65.0,40.0,98.0,55.0
8847,Michael Darrell-Hicks,DH,31501,40,,,,,Bench,0,45.0,55.0,95.0,60.0
8693,Brandyn Garcia,RP,33568,40,,,,,Bench,0,65.0,45.0,97.0,60.0
8664,Andrew Hoffmann,DH,29633,40,,,,,Bench,0,60.0,40.0,96.0,60.0
8505,Kenya Huggins,SP,sa3020609,40,,,,,Bench,0,50.0,55.0,96.0,55.0
8814,Joe Elbis,SP,sa3015216,40,,,,,Bench,0,45.0,60.0,94.0,55.0
8500,Patrick Forbes,SP,sa3031537,40,,,,,Bench,0,60.0,45.0,97.0,60.0
9006,Dylan Ray,SP,sa3020392,40,,,,,Bench,0,45.0,50.0,94.0,50.0
8960,Seth Keener,DH,sa3022949,40,,,,,Bench,0,40.0,40.0,94.0,60.0
8529,David Hagaman,SP,sa3032946,40,,,,,Bench,0,60.0,45.0,96.0,60.0
9168,Jogly Garcia,DH,sa3019633,40,,,,,Bench,0,55.0,40.0,95.0,60.0
8583,Sheng-En  Lin,SP,sa3022820,40,,,,,Bench,0,50.0,60.0,95.0,55.0
8765,Mitch Farris,SP,33628,40,,,,,Bench,0,35.0,55.0,89.0,60.0
8610,Brooks Auger,SP,sa3026300,40,,,,,Bench,0,60.0,45.0,96.0,60.0
8910,Owen Wild,SP,sa3023278,40,,,,,Bench,0,55.0,45.0,92.0,50.0
8755,Trevor Harrison,SP,sa3023629,40,,,,,Bench,0,55.0,50.0,96.0,60.0
8943,Paul Bonzagni,SP,sa3022587,40,,,,,Bench,0,60.0,40.0,97.0,55.0
8774,Kolton Curtis,SP,sa3022381,40,,,,,Bench,0,45.0,60.0,94.0,55.0
8512,Angel Bastardo,RP,sa3009716,40,,,,,Bench,0,55.0,45.0,97.0,60.0
9231,T.J. Nichols,RP,sa3023039,40,,,,,Bench,0,55.0,45.0,97.0,55.0
8885,Gavin Collyer,DH,sa3011742,40,,,,,Bench,0,60.0,40.0,98.0,60.0
8590,Marc Church,DH,26353,40,,,,,Bench,0,60.0,35.0,98.0,70.0
8717,Josh Stephan,SP,sa3015286,40,,,,,Bench,0,35.0,60.0,93.0,60.0
8914,Ismael Agreda,RP,sa3017010,40,,,,,Bench,0,60.0,40.0,97.0,60.0
8539,Brandon Barriera,SP,sa3020683,40,,,,,Bench,0,50.0,45.0,96.0,55.0
8614,AJ Russell,SP,sa3041324,40,,,,,Bench,0,70.0,40.0,95.0,50.0
8472,Alex Clemmey,DH,sa3023421,40,,,,,Bench,0,70.0,40.0,95.0,55.0
8815,Jake Eder,SP,27590,40,,,,,Bench,0,50.0,45.0,95.0,55.0
8761,Andry Lara,SP,27967,40,,,,,Bench,0,45.0,55.0,94.0,60.0
8957,Orlando Ribalta,DH,26247,40,,,,,Bench,0,60.0,40.0,97.0,55.0
8927,Connor Cooke,DH,sa3017822,40,,,,,Bench,0,55.0,50.0,96.0,60.0
8897,T.J. Brock,DH,sa3020079,40,,,,,Bench,0,60.0,40.0,97.0,70.0
8871,Jackson Kent,SP,sa3035282,40,,,,,Bench,0,50.0,45.0,94.0,55.0
8843,Tyler Stuart,SP,sa3020264,40,,,,,Bench,0,50.0,45.0,95.0,55.0
8749,Fernando Perez,SP,sa3018826,40,,,,,Bench,0,45.0,50.0,94.0,55.0
8564,Landen Maroudis,SP,sa3023351,40,,,,,Bench,0,55.0,50.0,95.0,55.0
8675,Sean Paul Liñan,SP,sa3019270,40,,,,,Bench,0,40.0,55.0,94.0,60.0
8501,Eriq Swan,DH,sa3023514,40,,,,,Bench,0,55.0,40.0,98.0,60.0
8631,Grant Rogers,SP,sa3023522,40,,,,,Bench,0,40.0,60.0,92.0,50.0
8982,Jared Spencer,DH,sa3042828,40,,,,,Bench,0,55.0,40.0,95.0,55.0
9123,Wilmy Sanchez,DH,sa3019396,35,,,,,Bench,0,60.0,35.0,96.0,55.0
9357,Steven Pérez,DH,sa3008362,35,,,,,Bench,0,60.0,45.0,94.0,55.0
8889,Michael Salina,DH,sa3041443,35,,,,,Bench,0,60.0,50.0,96.0,60.0
9417,Nate Lavender,DH,sa3017917,35,,,,,Bench,0,60.0,40.0,92.0,50.0
9358,Yereny Teus,RP,sa3020978,35,,,,,Bench,0,45.0,50.0,93.0,60.0
9045,Keyner Martinez,SP,sa3023631,35,,,,,Bench,0,50.0,55.0,95.0,55.0
8860,Brock Moore,DH,sa3025654,35,,,,,Bench,0,60.0,40.0,98.0,55.0
8951,Henry Baez,SP,sa3016584,35,,,,,Bench,0,50.0,50.0,95.0,55.0
8750,Carlos Alvarez,SP,sa3068082,35,,,,,Bench,0,55.0,45.0,93.0,55.0
8971,Luis Maracara,SP,sa3024260,35,,,,,Bench,0,45.0,50.0,91.0,55.0
9075,Sam Stuhr,SP,sa3043272,35,,,,,Bench,0,60.0,45.0,96.0,55.0
9373,Sam Knowlton,DH,sa3023467,35,,,,,Bench,0,70.0,30.0,101.0,55.0
9250,Michael Valverde,DH,sa3022157,35,,,,,Bench,0,60.0,30.0,97.0,70.0
9266,Po-Yu Chen,SP,sa3014699,35,,,,,Bench,0,30.0,60.0,93.0,50.0
9083,Luis Curvelo,DH,24710,35,,,,,Bench,0,50.0,30.0,96.0,70.0
9424,Daniel Eagen,SP,sa3030728,35,,,,,Bench,0,50.0,50.0,95.0,60.0
9243,Yunior Tur,DH,sa3021045,35,,,,,Bench,0,70.0,40.0,95.0,40.0
9427,Manuel Genao,DH,sa3024519,35,,,,,Bench,0,55.0,40.0,95.0,60.0
9108,Jaydenn  Estanista,DH,sa3016230,35,,,,,Bench,0,60.0,30.0,96.0,60.0
9309,Zane Taylor,DH,sa3043592,35,,,,,Bench,0,45.0,55.0,95.0,55.0
9003,Elison Joseph,DH,sa3015306,35,,,,,Bench,0,70.0,30.0,98.0,60.0
9137,Gabriel Reyes,DH,sa3016833,35,,,,,Bench,0,50.0,40.0,93.0,60.0
9320,Dalvin Rosario,DH,sa3005144,35,,,,,Bench,0,60.0,35.0,98.0,55.0
9174,Christian Foutch,DH,sa3031591,35,,,,,Bench,0,60.0,40.0,99.0,0.0
9244,Luis R. Rodriguez,DH,sa3017275,35,,,,,Bench,0,60.0,45.0,96.0,60.0
9186,Austin Smith,DH,sa3017071,35,,,,,Bench,0,60.0,40.0,97.0,50.0
9128,Owen White,SP,22273,35,,,,,Bench,0,35.0,45.0,94.0,55.0
9386,Wyatt Crowell,SP,sa3023662,35,,,,,Bench,0,45.0,45.0,94.0,60.0
9285,Dominic Perachi,SP,sa3020841,35,,,,,Bench,0,45.0,50.0,93.0,55.0
9274,Jason Reitz,SP,sa3040605,35,,,,,Bench,0,45.0,45.0,95.0,60.0
9435,Jhoniel Serrano,DH,sa3016710,35,,,,,Bench,0,,30.0,94.0,70.0
9041,Ryan Jennings,DH,sa3020634,35,,,,,Bench,0,55.0,35.0,96.0,55.0
9432,Cameron Foster,DH,sa3020735,35,,,,,Bench,0,55.0,50.0,96.0,55.0
9420,Connor Foley,DH,sa3031511,35,,,,,Bench,0,60.0,30.0,97.0,60.0
9284,Adrian Rodriguez,DH,sa3015385,35,,,,,Bench,0,60.0,30.0,97.0,60.0
9161,Logan Samuels,SP,sa3025571,35,,,,,Bench,0,45.0,45.0,92.0,55.0
9362,Edgar Isea,DH,sa3009936,35,,,,,Bench,0,65.0,30.0,98.0,55.0
9185,Jorge Juan,DH,sa3005826,35,,,,,Bench,0,55.0,35.0,97.0,60.0
9436,Twine Palmer,RP,sa3025618,35,,,,,Bench,0,60.0,40.0,93.0,55.0
9079,Jerson Alejandro,SP,sa3021533,35,,,,,Bench,0,50.0,40.0,94.0,60.0
9413,JT Quinn,SP,sa3040345,35,,,,,Bench,0,,,,0.0
8721,Victor Lizarraga,SP,sa3015220,35,,,,,Bench,0,35.0,50.0,92.0,60.0
9130,Eduarniel Núñez,DH,23162,35,,,,,Bench,0,60.0,20.0,98.0,70.0
9085,Jose Bello,SP,sa3021530,35,,,,,Bench,0,40.0,60.0,92.0,60.0
9334,Reynaldo Yean,DH,sa3018303,35,,,,,Bench,0,70.0,30.0,100.0,70.0
9020,Dennis Colleran,DH,sa3029168,35,,,,,Bench,0,60.0,35.0,97.0,50.0
9380,Jaden Woods,DH,sa3023064,35,,,,,Bench,0,50.0,50.0,95.0,55.0
9151,Nick Dean,RP,sa3023506,35,,,,,Bench,0,45.0,40.0,94.0,70.0
9050,Joel Díaz,SP,sa3015500,35,,,,,Bench,0,45.0,55.0,94.0,55.0
9134,Herick Hernandez,DH,sa3025588,35,,,,,Bench,0,50.0,40.0,94.0,60.0
9345,Ethan Young,RP,sa3060988,35,,,,,Bench,0,55.0,40.0,97.0,55.0
9216,Alex Hoppe,DH,sa3020836,35,,,,,Bench,0,60.0,35.0,98.0,0.0
9375,Branneli Franco,SP,sa3023818,35,,,,,Bench,0,60.0,45.0,95.0,45.0
9254,Jojo Ingrassia,RP,sa3023475,35,,,,,Bench,0,40.0,55.0,93.0,55.0
9431,Ricardo Yan,SP,sa3016056,35,,,,,Bench,0,50.0,50.0,92.0,60.0
9280,Tanner Franklin,SP,sa3031652,35,,,,,Bench,0,65.0,40.0,97.0,0.0
9156,Stevie Emanuels,DH,sa3014698,35,,,,,Bench,0,55.0,40.0,96.0,50.0
9308,Jack Dashwood,DH,sa3015035,35,,,,,Bench,0,45.0,50.0,94.0,60.0
9237,Dalton Rogers,RP,sa3020479,35,,,,,Bench,0,50.0,40.0,95.0,55.0
8919,Gabriel Sosa,DH,sa3011682,35,,,,,Bench,0,60.0,35.0,96.0,50.0
9121,Blake Aita,SP,sa3025822,35,,,,,Bench,0,45.0,55.0,94.0,60.0
9096,Yhoiker Fajardo,SP,sa3024273,35,,,,,Bench,0,50.0,55.0,94.0,60.0
9177,Josh Randall,SP,sa3025585,35,,,,,Bench,0,55.0,45.0,96.0,55.0
9290,Erick Mejia,DH,15817,35,,,,,Bench,0,60.0,40.0,97.0,60.0
9070,Dominick Reid,SP,sa3040572,35,,,,,Bench,0,55.0,50.0,95.0,60.0
9311,Luis Gastelum,DH,sa3020964,35,,,,,Bench,0,45.0,50.0,94.0,60.0
9271,Matt McShane,DH,sa3037749,35,,,,,Bench,0,60.0,40.0,95.0,55.0
9260,Cole Schoenwetter,SP,sa3023567,35,,,,,Bench,0,50.0,35.0,95.0,60.0
9004,Juan Amarante,DH,sa3019048,35,,,,,Bench,0,45.0,45.0,92.0,60.0
9105,Yosver Zulueta,DH,27765,35,,,,,Bench,0,40.0,30.0,97.0,70.0
9074,Carson Jacobs,DH,sa3022872,35,,,,,Bench,0,55.0,30.0,96.0,55.0
8918,Josh Mallitz,RP,sa3025568,35,,,,,Bench,0,50.0,45.0,95.0,55.0
9245,Adrian Herrera,SP,sa3023627,35,,,,,Bench,0,50.0,45.0,93.0,60.0
9277,Richard Fernandez,DH,sa3018898,35,,,,,Bench,0,55.0,40.0,96.0,60.0
9370,Evan Sisk,DH,24995,35,,,,,Bench,0,50.0,50.0,91.0,60.0
9310,Mike Villani,DH,sa3044503,35,,,,,Bench,0,60.0,40.0,95.0,50.0
9248,Doug Nikhazy,SP,30142,35,,,,,Bench,0,40.0,35.0,93.0,55.0
9238,Bo Bonds,DH,sa3022938,35,,,,,Bench,0,55.0,40.0,93.0,55.0
9305,Jose Feliz,SP,sa3024069,35,,,,,Bench,0,30.0,60.0,92.0,60.0
8780,Kannon Kemp,SP,sa3067314,35,,,,,Bench,0,45.0,45.0,94.0,60.0
9400,Logan Tabeling,DH,sa3067065,35,,,,,Bench,0,60.0,40.0,97.0,60.0
9178,Brayan Narvaez,SP,sa3022133,35,,,,,Bench,0,60.0,45.0,91.0,55.0
8946,Cole Paplham,DH,sa3020749,35,,,,,Bench,0,60.0,30.0,98.0,60.0
8890,James Hicks,SP,sa3023161,35,,,,,Bench,0,40.0,60.0,94.0,60.0
9197,Marquis Grissom Jr.,DH,sa3020312,35,,,,,Bench,0,45.0,50.0,95.0,60.0
9000,Yeferson Vargas,DH,sa3021044,35,,,,,Bench,0,60.0,45.0,96.0,60.0
9102,Gage Ziehl,SP,sa3045855,35,,,,,Bench,0,30.0,55.0,93.0,55.0
8976,JeanPierre Ortiz,SP,sa3024922,35,,,,,Bench,0,50.0,50.0,95.0,50.0
9296,Cody Adcock,DH,sa3023175,35,,,,,Bench,0,55.0,35.0,94.0,60.0
9223,Nate Dohm,SP,sa3030418,35,,,,,Bench,0,60.0,50.0,94.0,50.0
9411,Jacob Wosinski,RP,sa3021825,35,,,,,Bench,0,50.0,40.0,94.0,60.0
8836,Cody Bowker,SP,sa3027486,35,,,,,Bench,0,60.0,45.0,94.0,50.0
9421,Alexander Alberto,DH,sa3015986,35,,,,,Bench,0,60.0,30.0,97.0,55.0
8895,Mavis Graves,SP,sa3021472,35,,,,,Bench,0,40.0,60.0,92.0,60.0
9227,Sandy Ozuna,SP,sa3021041,35,,,,,Bench,0,60.0,40.0,96.0,66.0
9002,Luis Serna,SP,sa3016528,35,,,,,Bench,0,35.0,55.0,94.0,60.0
9367,Kendeglys Virguez,DH,sa3018351,35,,,,,Bench,0,60.0,40.0,97.0,50.0
9214,Andrew Dunford,SP,sa3023086,35,,,,,Bench,0,60.0,40.0,95.0,55.0
9203,Max Rajcic,SP,sa3020746,35,,,,,Bench,0,45.0,55.0,94.0,55.0
9412,Jack Hartman,DH,sa3018250,35,,,,,Bench,0,55.0,30.0,98.0,60.0
9360,Cy Nielson,DH,sa3020321,35,,,,,Bench,0,50.0,40.0,95.0,60.0
9082,Isaiah Coupet,RP,sa3023156,35,,,,,Bench,0,30.0,50.0,91.0,70.0
9399,Alejandro Hidalgo,RP,sa3015151,35,,,,,Bench,0,50.0,40.0,95.0,55.0
9206,Lebarron Johnson Jr.,DH,sa3034782,35,,,,,Bench,0,55.0,40.0,96.0,60.0
9434,Yaqui Rivera,DH,sa3015504,35,,,,,Bench,0,45.0,40.0,94.0,60.0
9109,Robby Ahlstrom,DH,sa3018193,35,,,,,Bench,0,50.0,35.0,95.0,60.0
8922,Frank Mozzicato,DH,sa3018242,35,,,,,Bench,0,40.0,40.0,90.0,60.0
9324,Brian Van Belle,SP,27695,35,,,,,Bench,0,30.0,60.0,92.0,60.0
9359,Grant Shepardson,SP,sa3067434,35,,,,,Bench,0,45.0,50.0,95.0,60.0
9135,Josh Grosz,SP,sa3023478,35,,,,,Bench,0,45.0,50.0,95.0,50.0
9055,Ben Shields,DH,sa3023483,35,,,,,Bench,0,45.0,50.0,94.0,60.0
9408,Alex Pham,SP,sa3017550,35,,,,,Bench,0,40.0,50.0,94.0,55.0
9263,Will Dion,SP,sa3017850,35,,,,,Bench,0,40.0,60.0,91.0,55.0
9313,Jacob Miller,SP,sa3020111,35,,,,,Bench,0,45.0,45.0,93.0,55.0
9106,Luis Velasquez,DH,sa3010135,35,,,,,Bench,0,60.0,30.0,98.0,65.0
9249,Gregory Sanchez,SP,sa3024267,35,,,,,Bench,0,60.0,40.0,96.0,60.0
9298,Michael Kennedy,SP,sa3021728,35,,,,,Bench,0,20.0,60.0,90.0,55.0
9226,Justin Campbell,SP,sa3028334,35,,,,,Bench,0,50.0,50.0,94.0,60.0
9195,Paul Wilson,SP,sa3023596,35,,,,,Bench,0,45.0,40.0,92.0,55.0
8806,Juan Bello,SP,sa3019615,35,,,,,Bench,0,45.0,50.0,91.0,55.0
9133,Thomas  Balboni Jr.,DH,sa3020861,35,,,,,Bench,0,60.0,30.0,96.0,55.0
9430,Liomar Martinez,DH,sa3019612,35,,,,,Bench,0,45.0,45.0,94.0,80.0
9207,Aidan Curry,RP,sa3015334,35,,,,,Bench,0,60.0,40.0,95.0,60.0
8892,Eric Cerantola,DH,sa3017914,35,,,,,Bench,0,50.0,35.0,96.0,70.0
9147,Dylan Smith,DH,30145,35,,,,,Bench,0,45.0,40.0,94.0,60.0
9346,Zak Kent,DH,25703,35,,,,,Bench,0,45.0,40.0,94.0,60.0
9084,Tanner Kohlhepp,DH,sa3022238,35,,,,,Bench,0,60.0,35.0,97.0,55.0
9026,Franyer Herrera,SP,sa3019520,35,,,,,Bench,0,35.0,55.0,93.0,60.0
9056,Tyler Owens,DH,26030,35,,,,,Bench,0,60.0,40.0,97.0,45.0
9349,Brandan Bidois,DH,sa3015277,35,,,,,Bench,0,55.0,30.0,95.0,70.0
9069,Alex Santos II,DH,sa3014684,35,,,,,Bench,0,50.0,40.0,94.0,55.0
9160,Hansel Rosario,DH,sa3019247,35,,,,,Bench,0,60.0,30.0,96.0,60.0
9219,Austin Gordon,SP,sa3032478,35,,,,,Bench,0,50.0,45.0,96.0,55.0
8999,Will Sanders,SP,sa3023508,35,,,,,Bench,0,40.0,50.0,94.0,55.0
9282,Pedro Montero,SP,sa3068682,35,,,,,Bench,0,55.0,45.0,95.0,60.0
9052,Chris Kean,DH,sa3023576,35,,,,,Bench,0,60.0,60.0,94.0,45.0
9136,Ryan Lobus,DH,sa3022744,35,,,,,Bench,0,40.0,60.0,92.0,60.0
9409,Josh White,RP,sa3019953,35,,,,,Bench,0,50.0,35.0,95.0,60.0
8998,Andrew Taylor,RP,sa3020873,35,,,,,Bench,0,55.0,45.0,93.0,50.0
8779,Jose Fleury,SP,sa3019255,35,,,,,Bench,0,40.0,60.0,92.0,60.0
8972,Parker Smith,RP,sa3042618,35,,,,,Bench,0,55.0,40.0,93.0,50.0
9150,Colby Langford,DH,sa3022800,35,,,,,Bench,0,60.0,35.0,92.0,50.0
9333,Frank Elissalt,DH,sa3025634,35,,,,,Bench,0,60.0,40.0,96.0,60.0
9365,Jacob Odle,DH,sa3022877,35,,,,,Bench,0,50.0,45.0,96.0,55.0
9416,Hayden Durke,DH,sa3022733,35,,,,,Bench,0,55.0,35.0,98.0,60.0
9215,Connor Thomas,RP,25873,35,,,,,Bench,0,30.0,60.0,91.0,55.0
9046,A.J. Causey,DH,sa3028661,35,,,,,Bench,0,30.0,55.0,90.0,60.0
9402,Kyle Brnovich,SP,sa3014923,35,,,,,Bench,0,40.0,50.0,95.0,55.0
8997,Manuel Davila,SP,sa3024787,35,,,,,Bench,0,45.0,50.0,89.0,55.0
9347,Trevor Martin,SP,sa3020608,35,,,,,Bench,0,55.0,45.0,94.0,55.0
9018,Nick Potter,DH,sa3060295,35,,,,,Bench,0,60.0,40.0,96.0,50.0
9246,Reiner Lopez,SP,sa3024885,35,,,,,Bench,0,60.0,50.0,94.0,55.0
9242,Carlos Espinosa,DH,sa3019549,35,,,,,Bench,0,55.0,40.0,96.0,55.0
9321,Braden Davis,SP,sa3029886,35,,,,,Bench,0,40.0,50.0,94.0,60.0
9344,Alex Makarewich,DH,sa3023642,35,,,,,Bench,0,65.0,30.0,97.0,70.0
9124,Riley Martin,DH,sa3017601,35,,,,,Bench,0,50.0,30.0,94.0,70.0
9101,Noah Murdock,DH,27908,35,,,,,Bench,0,55.0,30.0,97.0,55.0
9404,Omar Montano,RP,sa3025468,35,,,,,Bench,0,60.0,40.0,96.0,70.0
8973,Caleb Kilian,RP,26213,35,,,,,Bench,0,45.0,50.0,95.0,50.0
9073,L.P. Langevin,DH,sa3035936,35,,,,,Bench,0,60.0,40.0,97.0,55.0
9259,Fulton Lockhart,DH,sa3025301,35,,,,,Bench,0,70.0,30.0,99.0,55.0
8865,Daniel Robert,DH,21229,35,,,,,Bench,0,50.0,50.0,97.0,60.0
9272,Blake Walston,SP,26270,35,,,,,Bench,0,30.0,45.0,93.0,55.0
9049,Keythel Key,DH,sa3016282,35,,,,,Bench,0,60.0,35.0,97.0,60.0
9228,Wilian Bormie,DH,sa3020327,35,,,,,Bench,0,65.0,30.0,98.0,60.0
9278,Ovis Portes,DH,sa3019644,35,,,,,Bench,0,60.0,40.0,96.0,55.0
9341,Junior Ciprian,SP,sa3023107,35,,,,,Bench,0,70.0,50.0,96.0,0.0
9023,Yendy Gomez,DH,sa3016287,35,,,,,Bench,0,60.0,40.0,96.0,60.0
9264,Patrick Monteverde,SP,29564,35,,,,,Bench,0,40.0,60.0,91.0,55.0
9297,Chris Campos,SP,sa3020396,35,,,,,Bench,0,40.0,60.0,94.0,50.0
8662,Tyler Gough,SP,sa3020865,35,,,,,Bench,0,50.0,40.0,93.0,60.0
9276,Ubaldo Soto,SP,sa3022015,35,,,,,Bench,0,50.0,55.0,94.0,55.0
9318,Yoel Roque,DH,sa3023834,35,,,,,Bench,0,60.0,40.0,96.0,55.0
9356,Jose Vasquez,DH,sa3022116,35,,,,,Bench,0,60.0,40.0,97.0,60.0
9299,Jose Paulino,DH,sa3024557,35,,,,,Bench,0,55.0,40.0,97.0,60.0
9072,Argenis Cayama,SP,sa3025006,35,,,,,Bench,0,50.0,55.0,94.0,55.0
8863,Justin Lamkin,SP,sa3035887,35,,,,,Bench,0,45.0,60.0,93.0,45.0
9098,Cole Hertzler,SP,sa3025638,35,,,,,Bench,0,45.0,50.0,94.0,60.0
9384,Braxton Roxby,DH,sa3014811,35,,,,,Bench,0,55.0,35.0,96.0,60.0
9438,Ty Weatherly,RP,sa3023130,35,,,,,Bench,0,50.0,40.0,92.0,60.0
9076,Jose Chirinos,SP,sa3018859,35,,,,,Bench,0,45.0,50.0,94.0,60.0
9312,Samuel Sanchez,SP,sa3021008,35,,,,,Bench,0,50.0,55.0,94.0,60.0
9068,Anders Tolhurst,DH,sa3019818,35,,,,,Bench,0,45.0,60.0,96.0,45.0
9410,Roman Angelo,RP,sa3022737,35,,,,,Bench,0,45.0,50.0,94.0,50.0
9353,Kyle Amendt,DH,sa3022904,35,,,,,Bench,0,60.0,40.0,92.0,55.0
9294,Francis Texido,RP,sa3021028,35,,,,,Bench,0,45.0,40.0,90.0,60.0
9322,Paul Gervase,DH,31571,35,,,,,Bench,0,60.0,40.0,94.0,50.0
8974,Shane Panzini,DH,sa3018257,35,,,,,Bench,0,60.0,45.0,96.0,55.0
9104,Ryan Cusick,DH,sa3017385,35,,,,,Bench,0,55.0,40.0,96.0,55.0
9292,Niko Mazza,RP,sa3037404,35,,,,,Bench,0,60.0,40.0,96.0,60.0
9279,Payton Martin,SP,sa3020869,35,,,,,Bench,0,40.0,50.0,95.0,50.0
9196,Shane Drohan,RP,sa3014447,35,,,,,Bench,0,40.0,40.0,95.0,60.0
9437,Gerald Ogando,DH,sa3005026,35,,,,,Bench,0,55.0,35.0,96.0,60.0
9335,Aidan Major,SP,sa3036887,35,,,,,Bench,0,55.0,40.0,94.0,55.0
9336,Logan Workman,SP,sa3017313,35,,,,,Bench,0,50.0,50.0,95.0,55.0
9428,Grayson Hitt,SP,sa3025020,35,,,,,Bench,0,40.0,45.0,94.0,60.0
9376,Ronan Kopp,DH,sa3017751,35,,,,,Bench,0,60.0,35.0,98.0,55.0
9221,Luis Alvarez,DH,sa3016847,35,,,,,Bench,0,60.0,30.0,96.0,60.0
9414,William Kempner,DH,sa3020527,35,,,,,Bench,0,60.0,40.0,97.0,60.0
9395,Lucas Wepf,DH,sa3020704,35,,,,,Bench,0,60.0,40.0,96.0,50.0
9419,Dale Stanavich,DH,sa3019833,35,,,,,Bench,0,60.0,35.0,97.0,55.0
9153,Marques Johnson,DH,sa3020741,35,,,,,Bench,0,55.0,40.0,95.0,60.0
9273,Riley Cornelio,DH,sa3020830,35,,,,,Bench,0,45.0,35.0,96.0,70.0
9307,Drake George,DH,sa3067033,35,,,,,Bench,0,60.0,40.0,96.0,60.0
8633,Griffin Hugus,SP,sa3034275,35,,,,,Bench,0,50.0,50.0,93.0,55.0
9236,Jacob Morrison,SP,sa3038406,35,,,,,Bench,0,45.0,55.0,94.0,60.0
9392,Spencer Miles,DH,sa3020475,35,,,,,Bench,0,60.0,40.0,98.0,55.0
9406,Cole Waites,DH,25665,35,,,,,Bench,0,70.0,30.0,99.0,45.0
9288,K.C. Hunt,SP,sa3022937,35,,,,,Bench,0,35.0,45.0,92.0,55.0
9422,Nigel Belgrave,SP,sa3023180,35,,,,,Bench,0,55.0,40.0,94.0,60.0
8950,Henry Williams,SP,sa3020901,35,,,,,Bench,0,45.0,45.0,94.0,50.0
9374,Cale Lansville,SP,sa3023176,35,,,,,Bench,0,50.0,40.0,94.0,55.0
8691,Mason Peters,DH,sa3060252,35,,,,,Bench,0,50.0,50.0,94.0,60.0
9173,Wilmer Flores,RP,sa3015223,35,,,,,Bench,0,55.0,45.0,94.0,60.0
9267,Maicol Reyes,DH,sa3067441,35,,,,,Bench,0,60.0,40.0,97.0,60.0
9163,Enyel Lopez,DH,sa3067495,35,,,,,Bench,0,60.0,45.0,95.0,60.0
9351,Sean Episcope,RP,sa3030964,35,,,,,Bench,0,45.0,50.0,95.0,60.0
9229,Kai Peterson,DH,sa3023453,35,,,,,Bench,0,60.0,30.0,94.0,50.0
9355,Randel Clemente,DH,sa3016003,35,,,,,Bench,0,60.0,30.0,97.0,70.0
9425,Marcus Johnson,SP,sa3020324,35,,,,,Bench,0,40.0,50.0,94.0,55.0
9364,Hayden Wynja,DH,sa3020464,35,,,,,Bench,0,30.0,50.0,90.0,60.0
9028,Michael Prosecky,SP,sa3020526,35,,,,,Bench,0,50.0,45.0,93.0,60.0
